Course Title,Course Description
GC0001 - SUSTAINABILITY: SEEING THROUGH THE HAZE,"The course wi ll discuss sustainability from perspectives of various disciplines, including humanities, business, policy, economics, and science. Students will learn about sustainability through a case study of oil palm plantation. The course will be composed of the following 6 modules. The course is supplemented by Module SI , which helps broadening students' perspectives on sustainability. Module I : General Introduction Module 2: The Global Seeding of Oil Palm Module 3: Recent Expansion of Oil Palm in South East Asia: How and Why did this happen? Module 4: How is Oil Palm Production Affecting Environment, Climate and Human Society? Module 5: Making Oil Palm More Sustainable Module 6: General Conclusions Module SI: National Geographic (Nat. Geo) talk"
HW0001 - INTRODUCTION TO ACADEMIC COMMUNICATION,"The course aims to support you in your academic writing and reading skills across a wide range of disciplines. This course will provide opportunities for you to read current event articles widely and critically. As a result, you will learn to evaluate opinions and formulate well-substantiated arguments."
HY0001 - ETHICS & MORAL REASONING,"HY0001 will introduce students to three major ethical theories' utilitarianism, Kant's deontology, and virtue ethics. Then, four weeks will be devoted to teaching the ethical principles underlying academic integrity, research ethics, and intellectual property. Finally, students will discuss issues related to the ethics of environmental sustainability and conservation. All the while, students will be challenged apply the ethical theories learned to concrete moral problems, including world poverty, corporate accountability and whistleblowing, and workplace discrimination."
SP0061 - SCIENCE & TECHNOLOGY FOR HUMANITY,"The course aims to inspire a long-lasting mindset of awareness, critical thinking, curiosity, and collaboration across disciplines through the lens of contemporary and near-future challenges for human communities in relation to scientific and technological innovations. Students will learn to perceive and analyze the potential benefits and costs of scientific/technological innovations and applications from different perspectives and on different scales. Students will then use these skills to identify real-life challenges and to propose solutions."
AB0403 - DECISION MAKING WITH PROGRAMMING & ANALYTICS,"This is an introductory course designed for business or accountancy undergraduate students who have no programming background and are interested to learn how to manage data and conduct business analytics programmatically. It is oriented to enhance their technical skillset. The aim of this course is to provide a broad understanding on how to manage data, the process of preparing data for analysis, basics of analytics, and the means to communicate analytics outcome. This course will equip students with the ability to write customized solutions to inform business decision, integrate statistical libraries for data analysis, and construct visuals or reports for business understanding. This module will provide students with individual hands-on practices to hone their coding skills and opportunities to develop coding solutions in a team. We utilize Python language as the medium of learning because it is one of the most in-demand coding language and its user-friendly syntax is well suited for the beginner level. Students will utilise modern development tools to turn information into insights."
AB1201 - FINANCIAL MANAGEMENT,"d Income Securities, Derivatives Securities, and International Financial Management.This course aims to provide business and accounting students with a broad understanding of all the important financial principles, concepts, and analytical tools. This is a first course in finance and is compulsory for all business and accounting students. For students intending to major in banking and finance, this course is an important foundation course in order to better prepare themselves for other advanced courses such as Advanced Corporate Finance, Financial Markets and Institutions, International Financial Management, Investments, Equity Securities, Fixed Income Securities, and Derivatives Securities."
AB1202 - STATISTICS & ANALYSIS,This course introduces the concepts and methods of statistical inferences: the process of inferring unknowns under uncertainty. Students of this course will also learn programming skills in the R environment for basic statistical analyses. This course consists of three main sections. Section 1 covers elements of probability models. Section 2 covers the basic theories in statistical inferences. Section 3 introduces the basic of two powerful and widely used analytic tools: regression and simulation analysis. Each weekly topic will be supplemented with relevant computer applications in the R environment.
AB1301 - BUSINESS LAW,"The aim of this course is to provide students with the foundational and intellectual skills to navigate the legal aspects of business. Specifically, this course provides a solid foundation on the legal methodology and the main principles of law relating to business transactions. A number of topics will be discussed in this course ranging from the formation of contracts, terms of a contract, breach and termination of a contract, law of agency, business organisations and torts. At the completion of this course, students will gain foundational competencies in how commercial law and business practices inter-relate and often influence each other in shaping modern commerce and industry. Key legal topics will be explained and illustrated from a business perspective. At the completion of this course, students will also gain a deeper understanding of the legal issues impacting on businesses"
AB1403 - INTERMEDIATE EXCEL,"This course focuses on teaching introductory through intermediate techniques in Excel. No prior knowledge in programming or advanced math skills are necessary. Upon completion of the course, students will gain skills in Excel, data management and real-world problem solving."
AB1501 - MARKETING,"This course aims to provide you with the opportunity to learn and the application of the basic principles of marketing in the Singapore market. A good understanding of marketing, by itself and in relation to other disciplines, is critical for anyone interested in developing successful and sustainable business enterprises. Hence, this course is a foundational course for marketing that is suitable for all students interested in business and accountancy. At the end of this course, you will be able to develop suitable customer-driven strategies to take advantage of potential market opportunities and manage the marketing process."
AB1601 - ORGANISATIONAL BEHAVIOUR & DESIGN,"Business is in the midst of a revolutionary transformation. Emerging technologies that combine AI, machine learning, cutting-edge visualization techniques, and social robots are fast revolutionizing the business workplace globally. Building a motived workforce is a critical responsibility of managers. To do so, managers must know why people behave in organizations the way they do. Research in cognitive sciences, artificial intelligence and neuroscience has generated significant insights that can enrich our knowledge of people. This course is designed to focus on processes and methods that can improve the attitudes and behaviors of organizational members. You will learn to know more about yourself and others. You will also learn how to influence and predict your own behaviours as well as those of others. Within the context of a world of social media, AI, and machine learning, you will learn various organizational behaviour theories and concepts, and then apply them appropriately to real-life situations to make sense of human behaviours and human-robots interactions at work. This course adopts a flipped classroom approach, which will give you ample opportunity to share your knowledge with others and also learn with them collaboratively."
AC1103 - ACCOUNTING I,"Accounting is the language of business. This first accounting course aims to provide students with the knowledge and skills to apply the Singapore Financial Reporting Standards (International) ('SFRS(I)') to recognise, measure, present and disclose assets, liabilities, equity, revenue and expenses in the financial statements."
AC1104 - ACCOUNTING II,"This course covers two major parts, namely financial accounting and management accounting. For financial accounting, the aim is to provide you with necessary intermediate financial accounting knowledge continued from AC1103 Accounting I. You are to be equipped with strong conceptual and technical knowledge in the recognition and measurement of the elements of the financial statements, and understand how the quality of financial information could be affected by various factors, and thus affect the decision making process by both internal and external users of companies. For management accounting, the aim is to provide you with an introductory of cost management. The focuses are on basic cost concept, various costing systems and cost allocation."
BE1401 - BUSINESS OPERATIONS & PROCESS,"This course seeks to provide business and accountancy undergraduates with a rigorous appreciation of the issues and methodologies necessary for ensuring the competitiveness of the operations function in a firm. The course takes an analytics based ?process management? viewpoint while addressing a range of strategic and tactical issues. After completing this course, you will be able to understand the key tradeoffs required for designing, managing and improving operations and processes in both manufacturing and service industries. This will give you a sound analytical background for further courses in Business Analytics Specialization, which in turn will prepare you for a future business career where you will be responsible for either managing operations or its interface with other business functions such as marketing, finance, accounting, human resources and information technology."
CC0001 - INQUIRY & COMMUNICATION IN AN INTERDISCIPLINARY WORLD,"Researchers agree that writing is a tool for thinking (Menary, 2007; Klein & Boscolo, 2016; Miller and Jurecic, 2016; Reis, n.d.). As Reis explains, 'The bodily act of writing externalizes our thoughts, and the imposed structure (the written word) provides a vehicle by which those thoughts may be reorganized into new thinking, a new way of seeing the thoughts or a new way of organizing thoughts.' Miller and Jurecic similarly argue that 'writers discover what they think not before they write but in the act of writing' (2016, p. 60). One of the main aims of this course is to allow you to experience writing as a tool for thinking and to practice expressing ideas in formal writing and oral communication. While you will have the opportunity to understand and practice the genre conventions that are specific to your discipline later in your studies, this first common communication course is designed to help you form habits of mind that will serve you across the university and even in the world outside of the university. Taken by all first-year undergraduates, this foundational course will develop your written and oral communication skills, as well as your ability to read and analyze texts. It will help you to understand revision as integral to the process of composition, to convey your interpretations and ideas with confidence and clarity, and to consider audience and purpose when you communicate."
CC0002 - NAVIGATING THE DIGITAL WORLD,"With digitalization now becoming the new normal in our daily life, this course seeks to equip students from different disciplines with problem?solving techniques with the aid of computers and to enable them to acquire some common but essential digital skills that are crucial in today's workforce. In this course, students will learn how to apply the concept of computational thinking and quantitative reasoning to solve problems and analyze data. They will also learn how to identify online threats and understand the principles of ethics and intellectual property rights in the digital world. They will also be exposed to current issues in the digital world, which they can better understand through the logic of computational thinking and quantitative reasoning, such as cybersecurity and the rise of fake news. In addition, students will also learn how to use some of the latest online tools for effective presentation, communication, and collaborative skills in teams during the course."
CC0003 - ETHICS & CIVICS IN A MULTICULTURAL WORLD,"This course aims to equip students with the philosophical foundations necessary to understand theories of ethics and subsequently apply those theories to real-life scenarios and issues. It also aims to enable students to critically assess the civic institutions that structure their local and global communities. To these ends, the course will examine the nature of ethics, its understanding across different cultures, and how it is manifested in concepts, social structures, and governance institutions. Topics to be explored include human rights, democracy, freedom of speech, inequality, and sexuality. The rights and duties of citizenship shall be a unifying theme. Students will think through assumptions they hold on all of these matters. They will be provided with the tools to understand various and even contradictory perspectives on these important issues."
CC0005 - HEALTHY LIVING & WELLBEING,"This course is part of the NTU 2025 Education - Common Foundational & Interdisciplinary Collaborative Curriculum (ICC). It aims to provide multi-disciplinary competence in a cross-disciplinary, collaborative learning environment, with student interaction and collaboration across schools as a key learning foundation. As the title connotes, the main objective of this undergraduate course is to examine what constitutes living a good, healthy and flourishing life. According to research, individuals around the world pursue this 'flourishing life' in different ways, be it through improving one's physical fitness, seeking authentic relationships with others, or making a positive change in the environment. Thus, knowing and understanding how the different components of a 'good life' contribute to one's overall functioning is critical to one's healthy wellbeing. The latter, in turn, affords many benefits such as better health (physical, mental and emotional health) and stronger relationships. By the end of this course, you would have developed an awareness of what constitutes living a healthy and flourishing life, both of which indirectly contribute to a successful undergraduate education."
"CC0006 - SUSTAINABILITY: SOCIETY, ECONOMY & ENVIRONMENT","Sustainability stresses the importance of future development to meet the needs of the present without compromising the ability of future generations to meet their needs. This concept is a culmination of economic, environmental, and social discourse throughout the last few decades. The United Nations (UN) declared a Decade of Education for Sustainable Development (DESD) with the aim to promote ?a more sustainable world through different forms of education, training and public awareness activities?. This provides an opportunity to reconsider approaches undertaken to address global challenges. It is imperative that pedagogical directions for higher education institutions address the foundations of sustainable development across different disciplines due to its complex and multi-faceted nature that encompasses a full spectrum of socio-economic-environmental issues. As such, this course aims to stimulate critical thinking, curiosity, and the ability to structure and synthesise knowledge through the lens of sustainability. Learning will be reinforced by concrete case studies with a focus on topics such as resource management, pollution, responsible consumption, and climate change. The course will require systematic analyses of major current sustainability challenges from the perspectives of society, economy, and the environment, and look at how we can promote a more sustainable world through choices and actions, as individuals, societies, nations, and as a global community. Through this learning process, students will acquire a systems thinking approach to sustainability that enhances knowledge and skills sets relevant to various disciplines and career paths. This course hopes to inspire and equip students to be agents of change toward a more sustainable world."
CC0007 - SCIENCE & TECHNOLOGY FOR HUMANITY,"The course aims to inspire a long-lasting mindset of awareness, critical thinking, curiosity, and collaboration across disciplines through the lens of contemporary and near-future challenges for human communities in relation to scientific and technological innovations. Students will learn to perceive and analyze the potential benefits and costs of scientific/technological innovations and applications from different perspectives and on different scales. Students will then use these skills to identify real-life challenges and to propose solutions."
HE5091 - PRINCIPLES OF ECONOMICS,"Introduction. Demand and supply. Marginal reasoning and profit maximuzation. Market structure. Externality. Introduction to Macroeconomics. Keynesian Cross Model. Money, banking and financial Institutions. Aggregate demand and aggregate supply. Open economy. International trade."
ML0002 - CAREER POWER UP!,"In today's competitive world, it is essential that students learn the crucial career skills early to ensure they have a competitive edge sharpened with a heightened sense of workplace values and ethics. This course imparts to students practical skills needed to survive and succeed in the modern workplace while emphasizing on professional ethics. All students will be exposed to effective business communication and workplace skills ranging from building relationship with different personalities, understanding of cross-cultural diversity, inter-cultural communication, conflict management, problem solving and decision making, time management, planning and organization, team work, and more. Following which they will learn how to network and dine with proper etiquette in professional settings. Lastly, to aid them in their transition to the working life, the course will impart the skills behind coping and succeeding in a new workplace, while upholding high standard of work ethics."
ML0003 - KICKSTART YOUR CAREER SUCCESS,"This course is a foundation module on essential career preparation skills. This course equips you with practical skills needed in your personal development and job search to help you succeed in a new disruptive workplace. This course is open to all Year 2 students. In today's competitive world, it is crucial that career preparation skills are learnt early to ensure that competitive edge is sharpened with a heightened sense of workplace values and ethics."
ML0004 - CAREER & INNOVATIVE ENTERPRISE FOR THE FUTURE WORLD,"Having a creative and enterprising mindset can assist students in successfully manoeuvring through the VUCA world. It is crucial for students to nurture certain qualities associated with an enterprising mindset, including embracing uncertainty and change, honing critical thinking skills, and exhibiting a collaborative and adaptable nature. These qualities are vital in helping students to prepare for a rapidly evolving environment. The concept of ""designing your work life"" can be a valuable tool, inspiring students to explore their career options and possibilities by considering their values, interests, personality traits, and skills (VIPS) through prototype conversations. With more local employers emphasising skills-based hiring and retention, it is essential for students to continuously enhance their proficiency in relevant and sought-after skills to be well-prepared for the future of work."
AB0301 - LEGAL & ETHICAL ISSUES IN SUSTAINABILITY,"Sustainability focuses on meeting the needs of the present without compromising the ability of future generations to meet their needs. The concept of business sustainability comprises three pillars: economic, environmental and social (Human & Labor) - also known as people, planet and profits. (Investopedia https://www.investopedia.com/terms/s/sustainability.asp_). The focus recently (including by regulators) has added a fourth pillar - governance (anti-bribery and corruption). Organizations in the pursuit of profit have been implicated in a number of scandals involving bribery & corruption, fraud, labor and human rights abuses, and environmental degradation. What role does law and ethics play in holding companies and individuals responsible for such scandals? How can companies ensure that they pay attention to social, environmental and governance factors and remain profitable? How do individuals and organizations decide what is the right thing to do? This course will require students to understand broad business sustainability issues and to apply ethical reasoning processes to decision making. As sustainability, anti-corruption and corporate social responsibility (""CSR"") issues gain recognition as fundamental to strategy and execution in all organizations, this course will examine the measures we can take to ensure sustainability. Initiatives & laws such as Anti-Bribery and Corruption (e.g., the United States Foreign Corrupt Practices Act (FCPA), the UK Bribery Act), the Sustainable Development Goals, the Universal Declaration of Human Rights and the United Nations Global Compact will be considered, along with practical examples of implementation or lack thereof. The focus will be on best practices in addressing sustainability/CSR challenges and opportunities faced by all entities/organizations. Entities that incorporate sustainability practices into their operations benefit directly and indirectly, including but not limited to, productivity gains, improved image and enhanced reputation, and attraction and retention of human capital. We will discuss some international and local laws that are relevant to doing business in Singapore, Asia and globally. We will refer to industry codes and/or case studies to identify practical examples of corporate implementation of good governance, or lack thereof. We will examine the elements of an effective compliance program as a tool to risk management. At the completion of this course, you will gain an understanding of the importance of incorporating legal, ethical and sustainability practices in your careers and how these benefits entities in productivity gains, improved image and enhanced reputation, and attraction and retention of human capital and in stakeholder management. All students will benefit from the content - whether they chose a career in for profit or not for profit companies or in government. These skills are relevant to everyone and cut across all industries and professions and are necessary in your personal as well as professional life. Ethical leadership is becoming a fundamental success factor in today's dynamic external environment."
AB3601 - STRATEGIC MANAGEMENT,"The purpose of the Strategic Management Course is to develop your knowledge and skills to identify and evaluate the sources of superior firm performance through using conceptual frameworks. You will learn to analyze the external and internal environments of the firm, formulate and execute different types of strategies with the consideration of good corporate governance. This course is appropriate for final-year accounting and business students who have already taken entry-level courses in accounting ratio analyses, organizational behaviour and marketing. Upon completion of the course, you will be able to critically analyze business issues from a strategic perspective such as why and how firms can achieve sustainable competitive advantage in a highly volatile and competitive global environment."
AB3602 - STRATEGIC MANAGEMENT,"The purpose of the Strategic Management Course is to develop students' knowledge and skills to identify and evaluate the sources of superior firm performance through applying selected conceptual frameworks. Students will learn to analyse the external and internal environments of the firm, and formulate strategies with the consideration of good corporate governance. This course is appropriate for accounting and business students who have already taken entry-level courses in accounting ratio analyses, organizational behaviour, and marketing. Upon completion of the course, students will be able to critically analyse business issues from a strategic perspective such as why and how firms can achieve sustainable competitive advantages in a highly volatile and competitive global business environment."
AC2105 - ACCOUNTING FOR DECISION MAKING & CONTROL,"Building upon the foundation established in AC1101 or AC1104, this course focuses on the application of accounting information and tools to assist management in achieving the organisation's goals. AC2105 aims to develop an understanding of the linkages between organisational strategy and accounting information for effective planning, decision making and control. To achieve this, the course has four broad goals, which will be covered in sequence. 1. Apply the theoretical framework and tools for using cost management information strategically; 2. Use costs and other information in management planning and decision making; 3. Use costs and other information in management control; 4. Use costs and other information in operational control."
AC3102 - RISK REPORTING & ANALYSIS,"The course is designed to provide students with strong accounting conceptual knowledge and technical skills to understand the financial measurement and reporting implications of business entities' shareholdings in, and transactions with, other business entities with the same or different functional/presentation currencies, and use of derivatives to manage certain market and firm-specific risks and opportunities."
AC3103 - ACCOUNTING ANALYSIS & VALUATION,"There are two parts to this course. Part 1 examines the role of financial reporting in the functioning of capital markets and focuses on identifying, assessing and applying information for the purposes of analyzing and valuing business activities and entities. Part 2 focuses on the valuation issues following mergers and acquisitions, namely valuation of intangibles and impairment testing of goodwill."
AC3104 - ENTERPRISE RISK MANAGEMENT & SUSTAINABILITY,"To sustain value, key executives and managers in corporations today recognize the need for active engagement in setting objectives and overseeing programs associated with Enterprise Risk Management (ERM). The course starts with an overview of risks that can threaten the attainment of organizational objectives, and the ERM concepts, frameworks and techniques for identifying, assessing and managing risks. Both the internal and external auditors increasingly need to understand ERM to properly appreciate key risks, controls and governance issues of the companies they audit. The later part of the course extends the knowledge and techniques covered ERM by examining the longer-term risks, opportunities and enterprise value creation through Enterprise Sustainability. Enterprise sustainability creates long-term value beyond financial success by making a positive impact socially as well as environmentally. As climate change and global warming pose an existential threat to humanity and affect all industry sectors, there is an urgent need for businesses to monitor and seek innovative green solutions to reduce their carbon footprints and to deliver on their targeted net-zero goals. Students will learn key concepts and apply widely-adopted methodologies of carbon management, sustainability reporting and assurance. Students will also be exposed to hands-on data analytics and data-mining application in the areas of business and fraud risk assessments and audit analytics"
ET0001 - ENTERPRISE & INNOVATION,"This online course aims to provide you with a basic appreciation of the key concepts of enterprise and innovation. The course will focus on empowering you to gain practical insights on the relevance of enterprise and innovation in your lives by introducing you to the enterprise and innovation ecosystem of the University, the Singapore society, and beyond."
CS0102 - MAKING SENSE OF BIG DATA,"The aim of this course is to introduce students to the concepts and technologies associated with data analytics. The course will firstly help students understand information technology infrastructure that is fundamental to data analytics. Thereafter, data analytics concepts will be explained including big data, machine learning and artificial intelligence. Techniques for conducting data analytics will also be taught. This course would be of interest to students who would like to understand what data analytics is and its applications."
DD1003 - INTRODUCTION TO THE HISTORIES OF ART I: WESTERN ART HISTORY,"This foundation level course will introduce you to the major western artists, art works and art movements that have influenced aspects of world art, design and society. You will have the opportunity to explore and engage with the concepts and principles embedded in western art history that will inform your future creative thinking in design, media and the creative industry. You will develop and apply your academic reading and writing abilities through independent research, critical thinking, oral presentations, written tests and assignments. This will provide a solid theoretical foundation for further studies in art and design."
DN1001 - FOUNDATION DRAWING,"To begin to develop students? ability to compose and organise a drawing and to reflect upon its content and form, as part of a practice-based introduction to the basic principles of drawing from observation."
DN1002 - FOUNDATION 2D,"This studio course introduces students to the basic elements and principles of 2D design and colour theory and practice. The course will provide students with the opportunity to develop confidence and skills in using a diverse range of media and practical techniques for creative problem solving. The course aims to offer a fresh and stimulating approach towards creative thinking that will develop students? skills in research, observation, interpretation, and self-expression. The special emphasis will be placed on signification and cultural context, originality through understanding of the use of visual reference and gaining awareness of the historical and contemporary resources of 2D graphic, visual and textual information."
DN1003 - FOUNDATION 3D,"This is a studio-oriented foundation workshop where students are given the opportunity to experience the creative design process and adopt the appropriate tools, attitude and sensitivities towards the development of their ideas into 3-dimensional work. Students are guided with appropriate precedent studies while engaging in hands-on studio projects involving differing degrees of construction and making."
DN1004 - FOUNDATION 4D,"This studio course exposes students to basic concepts, elements and principles used by artists and designers in 4D (time-based) creative practices. Drawing on historical and contemporary time-based creative practices, the course will provide opportunities for students to develop basic competencies, aesthetic and creative problem solving skills through the creation of short form time-based work that explores the potential image, sound, time and space in shaping viewer?s perception. The course provides students a context to explore and situate their creative interest for more advanced exploration of time-based creative practice."
"HS0101 - DIGITAL LITERACY, CULTURE & SOCIETY","This course will explore the interrelationships among digital media, culture, and society. It takes both an analytical and an issue-based approach to basic questions about what digital media and technologies are, how and why they work as they do, and their significance within contemporary culture and society. In the first half of the course, you will learn about digital media and technologies as part of contemporary society and culture, including social-science theories and concepts to help frame your learning. Here, the course covers a range of digital media and technologies in relation to social institutions, users, culture and meaning. In the second half of the course, you will apply what you have learned through engagement with a series of contemporary digital-media issues. Here, topical issues include big data and AI, fake news, memes, social-media influence, and playbour. Through engagement with these various topics, you will develop critical and creative media literacy skills that are highly relevant to subsequent studies in the arts, humanities and social sciences, as well as future work and leisure practices in knowledge-based digital economies."
DD0003 - INFORMATION VISUALIZATION,"This introductory level course will provide an overview of the practice of information visualization. You will explore fundamental visual design techniques to interpret, organize and present visual interpretations for different forms of data. The learnings achieved in this course will expand your understanding on how complex information can be communicated meaningfully and clearly through visualization to inspire greater empathy and understanding from an audience."
DD2013 - VISUALIZATION OF CULTURAL HERITAGE,This course will introduce you to the different stages of the visualization of an object for cultural heritage processing.The course is composed of the acquisition of the basic theoretical skills as well as the function of the equipment to be used; and a second part when theoretical skills are translated into a real project by converting theory into practice. The course will give you the tools to develop your skills using actual specimens coming from or related to cultural heritage. You will be presented with the broad range of techniques to analyse and to document the biography of a specimen. This learning will provide the foundation for more advanced investigations into cultural heritage and technology.
DD3016 - HISTORY OF DESIGN,"This introductory course covers key movements and events in the evolution of Interaction Design, Product Design and Visual Communication. In Interaction Design, you will survey the work and ideas of artists and designers who have explored interactive media, as well as the scientists, engineers and mathematicians who have developed information technologies. You will study the histories of certain technologies which have come to define the medium of personal computer and human-computer interaction. For Product Design, you will explore how design trends and movements are formed in the contexts of history, emphasizing human relationships between designed objects, visual imageries, art & design movements, science, technology, culture and society. In Visual Communication, you will gain a historical awareness of graphic design and its relationship to technology and industry practice. You will analyse design and designers from various eras through practice and theoretical research projects. This course will equip you with a solid foundation in design history and theory, and inform further study in contemporary design practice."
DF2007 - THE ART OF LIGHTING,This advanced level course will enhance and develop your knowledge and experience of the processes of lighting for the visual media. You will gain deeper understanding of lighting principles and light manipulation techniques and in the process you will be enabled to develop your own artistic style. This learning forms the foundation for more advanced practice and research in cinematography and light design.
DF2013 - FILM MUSIC IN THEORY & PRACTICE,"This course will introduce you to an analytical, historical and practical study of music and moving images. You will explore the history, theory, terminology and methods needed to analyze and interpret soundtracks. The process of planning and writing music for film will be examined as well as the role of the composer in film production. Film music form, aesthetics and genre styles will be analyzed with a focus on music and image relationships through screening examples and analysis. The learning in this course will enable greater proficiency when applying sound to creative visual media."
DF3010 - EXPERIMENTAL FILM PRODUCTION,"This is an entry-level course that focuses on creation of films that allow experimentation in various stages of filmmaking processes, including the development of various alternate forms of (non) narrative story structures. You will be exposed to a range of conceptual and production strategies in experimental film using key historical and contemporary examples and then put those ideas into practice through exercises and projects in order to develop your own experimental film practice. Experience and knowledge gained in this module will provide a basis for further more developed experimental film production, as well as complementing research into this field."
DM2000 - INTERACTIVE I,"Modes of interaction: Introduction to the importance of user participation in interactive media. Overview of the modes of interaction including implicit (passive, indirect) and explicit (active, direct) interaction. Identifying the following relational nodes in an interactive media project: user - object, user - user and object - object. Differences between active and passive interaction explored in relationship with semiotics of interaction. Structure of Interactive project: Analysis of three core elements of the interactive media project: input, processing and output. Introduction to the relationship between these elements and their influence on each other. Semiotics of Interactive Media: Discussions on meaning of action and participation(input) in relationship with the audio-visual system responses (output) in interactive media projects. Identifying and comparison of processing as another core element with other two(input, output). Designing interactions and role of prototyping: Identifying and developing conceptual frameworks for an interactive media project. The importance of the development and design of a project prototype. You will prototype ideas in order to experience your interaction designs before they go to the production stage. Developing and producing interactive projects: Identifying and project development through the following stages of interactive media production (in chronological order): development of a project demo, adjustment of the project goals and outcomes, production, postproduction. Class assignments: One core interactive media project that enables students to identify the following parts of an interactive media project: input, processing and output. The medium of project can be, but it is not limited to: interactive object, screen, website, game, projection, performance, soundscape, etc. Developed through self-directed learning with guidance, assisted with lectures, tutorials, class exercises, and peer/instructor feedback sessions."
DM2008 - PROGRAMMING FOR INTERACTION,"This is an introductory course that will introduce you to the fundamental concepts shared by all core programming languages. The core structure and foundations of common programming languages will be explored in a theoretical and practical manner as well as demonstrating that sometimes vastly different applications such as games, websites and installations are based on similar logical and structural principles. By the end of the course, you will be able to write basic games, and create interactive environments. This will allow you to create digital systems and artwork individually or collectively in future practice."
DM2012 - EXPLORATIONS IN A.I. GENERATED ART,"This interdisciplinary elective course will introduce you to how artificial intelligence (AI) is used in the arts and how to use AI techniques to create your own art. In this course, you will learn about the unique artistic potential of AI and machine learning and how to apply them to the creative process for both inspiration and as a medium. This course is intended for artists, designers, as well as computer science and engineering students and anyone interested in how machine learning can be applied in the context of creative industries. There are no prerequisites, and the course is designed to be accessible to anyone."
DM3008 - GENERATIVE ART,"This course will introduce you to the creative realm of generative art, which is based on designing and exploring the interaction between predefined systems and different factors of unpredictability. The course focuses on artistic concepts, techniques and tools that you will be able to apply in the creation of digital or analogue generative art projects. This learning will set up the foundation for further studies of generativity, and for extending the expressive potential of more complex generative projects in art, design and media."
DM3013 - INTERACTIVE SPACES,"In this intermediate to advanced course you will explore approaches to creating interactive spaces in both analogue and digital spheres. You will be introduced to unique and topical contemporary issues in interactive and emerging media with a focus on the dynamics of spatial interaction in media art and design. You will explore and familiarize yourself with issues identified in the course, conduct analysis, develop iterative prototyping and produce an original installation or spatial experience using both analogue and digital materials and technologies. This learning forms a foundation for further studies in environmental interaction and design."
DM3014 - INTERACTIVE DEVICES,This intermediate level course will introduce you through practice-based learning to an ability to design and implement device-based solutions for the presentation of media content.. This learning forms the foundation for further studies in Interaction Design and Media.
DP2008 - EXPERIMENTAL PHOTOGRAPHY,This course will introduce you to both contemporary and historical techniques and experimental aspects of the photographic medium. You will gain a repertoire and understanding of diverse techniques that yield interesting results. Many of these techniques can be achieved without access to darkrooms and even without using cameras. The emphasis in this class will be on creativity and experimentation.
DP3003 - SOCIALLY ENGAGED PHOTOGRAPHY,"This elective will introduce you to the theory and practice of storytelling through portraiture, which you will then apply in the creation of an original photographic work. You will explore a range of approaches to narrative portraiture in contemporary photography, as well as investigate the practices and skills needed to create impactful portrait photography with a narrative component. This learning forms the foundation for further photographic studies in narratives and portraiture."
DR2001 - PRODUCT DESIGN I,"Visualization and Form Making Introduction to product design centric visualization and form making skills; concept and presentation rendering using various mixed media and/or digital tools, and making of presentation model using various materials and finishing techniques. Design Project Part 1: Introduction to product design process (brief, project identification, research and data collection, ideation, concept selection, design development and finalization and presentation). Part 2: Through simple studio project/s, you are encouraged to explore issues relating to function, cognition and aesthetics, you will progressively move from ideas to viable solutions that may be evaluated through discussions and presentation, to a viable final design that is then presented through visual presentation and physical mock-up."
DR2002 - EMERGING PRODUCT DESIGN PRACTICES,"In this intermediate level course, you will be introduced to unique and topical issues in product design. You will explore one or more issues, conduct analysis and exploration, and produce designs that address a specific aspect that you have identified. This course builds upon the learning of other courses as it prepares the way for creating unique product designs."
DR2005 - COMPUTER AIDED DESIGN WORKSHOP I,"Computer Aided Design: New and developing digital visualization and design technologies are not only changing the way that products are designed but also, by virtue of the new visual languages that they enable, leaving their mark on the form of the design itself. This course is a practical exploration of the introductory principles and techniques for the design, visualization and presentation of product designs such as consumer products, environments and furniture. You will be taught using commercially available design software packages, with emphasis on imparting principles, concepts and techniques which are portable across other software packages used by the profession. Two and Three Dimensional Modelling: Introduction to two and three-dimensional modeling principles and techniques. Rendering: Introduction to three-dimensional computer rendering techniques with camera, shader, and lighting effects using rendering engines. Technical Documentation: Introduction to technical documentation through the creation of two-dimensional drawings of three-dimensional computer models and output to print media. Workflow: Workflows for various modeling and visualization tasks will also be covered, such as working from sketches, orthographic views, development of primary curves and surfaces, and part detailing. Class assignments: You will produce a series of increasingly complex assignments and develop a foundation of computer-aided design principles and techniques. Developed through lectures, tutorials, class exercises and peer/instructor feedback sessions."
DD3012 - RESEARCH METHODS IN ART & DESIGN,"This advanced level course will introduce you to theories and methods of art and design research. You will use these methods to investigate different ways of interrogating the theoretical, sociological, and contextual aspects of design to generate insights that can inform your design process and practice. This learning aims to fine-tune your research skills and forms the research foundation for your future research studies."
DR2014 - BODY-CENTRIC DESIGN,"This course is an examination of the many categories of wearable technology, as well as closely related fields, such as wearable computing, techno fashion, electronic textiles, intelligent jewellery and smart clothes. You will research, experiment with and design wearable technology projects, from conceptual work to pragmatic solutions and applications. In this course, you will study how technology can be used in wearable contexts as a means to complement the functions of the human body and enhance personal expression. The course offers a theoretical introduction and foundation, which is iterated through practical elements in the form of concept development and prototyping. It will provide the basis for further studies and projects that combine technology and fashion."
DR3006 - PRODUCT DESIGN III,"This intermediate level course introduces you to the practice of user-centric design and designing of product systems. It is integrated as a practice-based learning experience that develops students? ability to apply the design process in the creation of product systems that combine objects, services and interfaces. This course will prepare you in designing objects and services more holistically and at a higher level in your study of product design in years 3 and 4."
DR3007 - STUDIES IN FORM,"This intermediate level course introduces you to the concepts of schema and empirical methodologies in visualization, exploration and development of visual form. It is integrated as a practice-based learning experience that develops your imaginative and formative ability to allow you to create forms based on the application of learnt aspects of the visual language. You are expected to generate object form utilizing their 3D digital skillset and production tools. The design process will develop and hone your understanding of the visual impact of form as a result of transformation and manipulation."
DT2005 - LIGHTING & RENDERING PIPELINE,"This course will introduce you to the fundamental processes and techniques of lighting and rendering in 3D, which you will then apply in the creation of original computer-generated imagery to become familiar with the effect that lighting and rendering have upon the emotional ambience of a scene. This learning forms the foundation for further studies in Visual Effects and 3D animation."
DT2015 - ADVANCED 3D PRODUCTION,"This intermediate to advanced course provides you the opportunity to expand and refine your knowledge and abilities in the area of 3D digital screen production. You will engage with advanced and alternative processes as you explore and experiment with a range of digital methods such as motion capture, visual effects, real-time animation and rendering, and alternative forms of digital narrative. Each offering of this course will have a unique focus, and will grant you a unique set of skills for future development."
DT2017 - WRITING FOR ANIMATION,"This foundation level course will introduce you to processes of writing concepts and screenplays for animation, which you will then apply in the creation of an original narrative for a specific form of animation. This learning forms the foundation for further studies in creating concepts and screenplays for animation."
DT3009 - CINEMATIC CONCEPTS & MOTION CAPTURE APPLICATIONS,This elective course will introduce you to creative concepts and production strategies for cinematic experiences using motion capture technology and real-time animation film making. You will have the opportunity to apply these virtual production techniques to your own original creative project. The strategies and approaches developed in this course can be applied to projects in a variety of other media-based courses.
DV2000 - TYPOGRAPHY I,"History of printing and type classification: Brief introduction of the origin of western print history Analysis of type classifications from Blackletter onwards Principles of layout (in context of single page): An exploration of understanding space, balance, hierarchy, grid structure in layout design An exploration of text treatment, (scale, font use, paragraphs, kern, track, lead. An overview of basic ?type crimes?"
DV2001 - VISUAL COMMUNICATION I,"What is visual communication? This course introduces you to an overview of key concepts and theories around the practice of Visual Communications. You will explore the creation, distribution, reception and consumption of messages and the influence of visual language. You will also be introduced to the roles that visual communication has within society. Elements of Design: Form & Image - An investigation of semiotics and the theoretical principles that underpin how meaning is extracted from words and images. Investigation covers the relationship between the sign and the signifier and how to choose appropriate signs for communicating visually through metaphor, metonym, synecdoche and juxtaposition. Elements of Design: Colour - Through analysis of a variety of examples from design outcomes, you will learn about the role of colour in communicating a message. Basic concepts of colour and meaning will be explored as elements of visual strategies. Design Fundamentals: Layout (Single page and Multiple Folds in a single page) - Through analysis of a variety of examples from design outcomes, you will learn techniques of composition and layout to present visual and textual elements in an effective manner on a single page. Basic introduction of page anatomy, visual dynamics, visual composition and visual hierarchy will be established between image and text. Ideation techniques and process documentation - Introduction to mind mapping, mood boarding and precedence studies will be established to enable you to contextualize your design solutions within the larger practice of design. Class assignments - Three creative projects. 1. Graphic Form (Within A4): Create a series of graphic forms within A4 to communicate a single idea using effective techniques of representation and design fundamentals. 2. Poster Design (Within A2): Create an A2 graphic driven poster design to communicate a single idea within a single page. Explorations on creating visual interest, visual hierarchy and visual flow within the integration of image, text and colour will be developed. 3. Multiple Folds Single Page Print (Within A3): Create a multiple fold print within A3 to communicate a single idea applying visual interest, visual hierarchy and visual flow. Assigned Exercises: 1. Design and Form - Preliminary Research & Visual Storming 2. Design and Form - Ideation Sketches 3. Design and Form - Colour Studies 4. Layout Design - Poster 5. Layout Design - Multiple Folds Print"
DV2002 - ILLUSTRATION FOR DESIGNERS,"This Intermediate level, studio-based course will introduce you to illustrative visual communication placing emphasis on personal investigation and discovery through experimentation with a variety of media and techniques. You will be encouraged to create a body of stylised and conceptual illustrations, whilst considering their practical application. This learning provides a holistic approach in informing your visual voice and underpins the creative strategies applied in further creative practice."
DV2003 - BEYOND THE LOGO: INTRODUCTION TO BRANDING,"In this introductory level course, you will be introduced to a theoretical overview of how branding is situated in our contemporary society and its roles through the lens of art, design and media. You will gain a broad understanding of the evolution of corporate brand communication and identity, brand consumption theories and patterns which led to the rise of various alternate brand movements. A basic anthropological analysis of brands as an economic force to becoming a cultural artefact will also be discussed. Through various analytical in-class exercises and hands-on assignments, you will gain theoretical and practical knowledge to develop a critical voice to make brand creation decisions."
DV2008 - INTERFACE DESIGN,"In this course you will be introduced to the process of interface design and user interface experience. Informed by interface behaviour research, you will design and create interfaces for specific purposes, which will be continually tested as part of an iterative design process. This learning will inform future interface design decisions, for both screen and physical interfaces."
DV3010 - VISUAL COMMUNICATION III,"In this advanced level course, you will refine your insights and abilities as you extend your techniques, processes and applications of contemporary visual communication design. This course concentrates in designing effective communication systems for contexts such as advertising, branding, wayfinding, information visualisation, editorial and exhibition design. This course will help you develop and implement innovative and effective communication strategies to provide unique customer experiences."
DV3011 - TYPOGRAPHY III,"In this advanced level course, you will test the limits of typography through experimentation and personal expression. You will be exploring alternative and unconventional methods of creating typography and challenge what typography is and could be. This course helps you to develop skills and knowledge for the creation of original type design solutions, which you can expand your skills in further study or professional setting."
HR2005 - SURVEY OF NEW MEDIA,"This course is designed for students who've already taken foundational Art History and is an introduction to the history and development of contemporary artistic practices under the spectrum of New Media. The starting point for the course is the situation where fine arts expanded from traditional forms into a new aesthetical condition. The course also analyses a number of concepts from Cultural Studies that have found a meaningful field in New Media. These studies and discourses will provide a strong knowledge-base for taking further Art History modules that focus on art and technology, as well as being applicable for advanced projects in design, interaction and animation."
HR2009 - CONTEMPORARY CURATING,"This course will introduce you to the basic precepts of contemporary curating. You will learn about the history of exhibitions, compare museum and independent curatorial approaches, and examine contexts/conditions specific to the curating of contemporary art, particularly in Singapore and the Southeast Asia region. This course is a foundation for further studies in curating practice and museum studies."
HR2010 - INTRODUCTION TO MUSEUM STUDIES,"This course begins with medieval European treasuries and the Renaissance cabinet of curiosities that led to the birth of museums in the nineteenth-century. It also examines museums that were established in both the West and the East during the period of high colonialism. In addition to exploring issues about collecting and displaying, students will also learn about museum education. Mid-term and final projects will be centered round studying and reporting on current display patterns and educational practices in Singapore museums, and developing educational resources/programs for various age groups from preschoolers to adults. Lectures will be enhanced by guest speakers from the world of museums. Field trips to local museums will be required."
HR3002 - ISSUES IN GLOBAL CONTEMPORARY ART,"This course will introduce you to an overview of selected key concepts and problems that characterize contemporary art as a platform for the production of critical thinking. You will learn about the significance of current trends and topics in the field of contemporary art history, particularly in Singapore and the Southeast Asian region. This course will provide a foundation for advanced studies in contemporary art history and theory. Contemporary Art Issues: You will learn how to identify the current trends and topics in the field of contemporary art history, e.g. relational aesthetics, conceptual art, site-specificity, socially-engaged art, participatory art and ethics in performance practices. Contemporary Art Concepts, Artists, and Artworks: You will learn about key concepts and theories by contemporary art theorists and critics. and learn to recognize significant artists and artworks that are introduced as case studies. Writing a Research Paper: You will learn how to write a thesis statement, present your ideas in class, and develop your research topic with the use of appropriate art historical vocabulary and specific artist/artwork examples. Class assignments: Class exercises, assignments, and discussions designed in a progressive sequence leading to a 8-10 page final research paper. Assignments include producing fieldnotes and/or writing reviews of exhibitions."
DD4006 - DESIGN ART INTERDISCIPLINARY SEMINAR,"This professional development course will prepare you for a career in design arts and industry following graduation. You will benefit from the experience of contemporary design arts and industry professionals who will give guidance on essential topics such as emerging industries in design arts, creative industries intellectual property, career planning, professionalization, grants and residencies, entrepreneurship and employability. You will take part in discussions and projects that will strengthen your readiness for a professional life after graduation."
DF2000 - DIGITAL FILM PRODUCTION I,"Audio-visual storytelling in film The interaction between audio and video in storytelling will be examined focusing on composition, movement of camera and/or objects, on and off screen sound, sequence shots and edited sequences. Steps of Production Script writing, production planning, steps of pre-production, production and post-production, digital film roles in a film crew, their duties and responsibilities, set organisation, procedures and safety on set and the use of film protocols will be addressed. Cinematography and Lighting An introduction to the basic principles of cinematography and lighting will be given. This covers lighting in a studio or indoor situation as well as working with available light outdoors. The use of camera, grip and light equipment will be trained including the understanding of equipment lists and light plans. Production design Concepts and skills of production design, like moodboards, location photography, designing and transforming locations, will be examined in accordance to the film script and the director?s vision. Directing The role of the director in a film production, the collaboration with the director of photography, the production designer and the producer as well as the process of guiding and directing actors will be examined. Editing and sound design The organisation of a sound- and editing project as well as basic principles of editing, sound-design and scoring will be explored. Distribution The procedure of test-screenings and the process of distributing a film will be explained. Class assignments Eight creative, conceptual or organisational assignments cover key areas and competencies in digital filmmaking. The assignments will deepen the knowledge gained through lectures, tutorials and class exercises and will prepare the student for the final project. Peer and instructor feedback will be given."
DF2003 - CINEMATOGRAPHY I,"This course is aimed for those who have already taken DF2000 Digital Film Production 1 and/or DN1015 Practical Digital Filmmaking and have had prior experiences of working with a camera for moving image. In this module you will learn in more depth about the responsibilities and skills of a cinematographer and how they oversee colour, light, camera movement and composition in order to interpret the script and communicate a story with moving images. This course provides training which is essential for future production and cinematography-based modules and projects."
DF2005 - WRITING FOR FILM,"This course is designed to introduce you to fiction film screenwriting. It covers the professional practice of developing, writing and rewriting short film scripts in a collaborative, workshop environment. Upon completing this course, you will have significantly developed your practice in preparation for future screenwriting projects."
DF2009 - HISTORY OF WORLD CINEMA,"This is an introductory-level course that surveys the historical context of cinema from its inception in the silent era, through to the current era, with a special focus on Asian cinema and its forms. You will examine how changing political, social, and cultural discourses have affected film production practices for Asian filmmakers, and explore identity politics in the age of globalized cultural production. You will then apply critical analysis and academic research of specific films and/or national cinema in Asia. This learning will form the foundation for further studies in theories and practices of film studies and well as give contextual knowledge to your own film projects."
DF2011 - SOUND FOR FILM,"This studio course provides an introduction to the techniques and processes of recording production sound with a focus on dialog for fiction and documentary film. The physics of sound and hearing will be examined in the context of the aesthetics of sound for images. Microphone types, functions and best practices for their use will be examined. Single and dual system audio recording techniques will be demonstrated. Students will learn how to prepare production audio for postproduction editing. An introduction to post production will include transfer formats from NLEs to Pro Tools and an introduction to dialog editing. This learning will form the basis for students to refine their use of sound in future media projects. What is Sound? Overview of the physics of sound and psychoacoustics. How we hear; frequency, amplitude, pitched and non-pitched sounds. Noise and types of noise. Listening to sound and developing a vocabulary to discuss it critically. Microphones: An investigation into the properties and operating principles of modern microphones. What the various types of microphone are and how we chose the best one for a particular application. Inverse square law, phase cancellation and proximity effect as related to the use of microphones. Production Sound Recording: Single and Dual system recording is explored in the context of recording dialog for fiction and non-fiction films. Location mixers, recorders, laviller and shotgun microphones will be examined and utilised in practical exercises. Correct protocols and techniques for on set dialog recording will investigated with a consideration of the aesthetics of dialog recording. Critical listening to identify and correct sound recording errors will be developed. Post Production: Delivering production sound to the editor including correct sound coverage and a complete sound report will be explored. Synchronising sound and image in picture editing software and exporting sound and image from this software using the correct output formats. Basics of editing sound in audio editing software with an emphasis on understanding how production recording influences post production sound editing. Post production processing techniques including noise reduction, compression and EQ will be introduced and examined. Class assignments: There are four in class dialog recording assignments that explore various shooting scenarios and recording systems. The final 2 assignments include a dialogue editing component. There will also be 2 in class quizzes covering more theoretical aspects of sound, sound recording and post production."
DF3012 - FILM DIRECTING,"In this intermediate level film course you will receive an intensive introduction to practical film directing in fiction films. You will experience an in-depth knowledge of the director?s craft, focusing on effective performance for the screen and how to improve your ability to make directorial choices to articulate a meaningful cinematic narrative. The learning in this course will directly inform and enhance any directing responsibilities in future film projects."
DF3013 - PRODUCING FOR FILM & MEDIA,"In this advanced level course, you will obtain a profound knowledge of the filmmaking process as a whole, from finding an idea, development, budgeting, scheduling, packaging, financing, production to marketing and distribution. In this course you will learn how to combine the best ways of telling a story with the economic needs and restrictions of physically making the film. The skills and knowledge acquired will be useful for more advanced production classes and Final Year Projects, as well as professional work after graduation."
DP2001 - DIGITAL PHOTOGRAPHY,"The Basics of Photography: An overview of camera operation: shutter speed, aperture, depth of field, ISO, exposure, exposure compensation, focal length and sensor sizes. Gaining an understanding of the exposure triangle and how technical choices affect the aesthetic of an image: depth of field, motion blur, grain, and lens distortion. The Digital Workflow: Digital technology has become a powerful tool for photographers. Increased flexibility and control of the image-making process, has allowed for greater expressive freedom. The first half of this course introduces you to the digital photographer?s workflow. Through demonstration, instruction and in-class assignments, you will gain an understanding of essential skills, from the capturing of images, to basic photo editing, and to creating archival quality photographic prints. You will have access to Nikon DSLR cameras; software such as Photoshop and Adobe Bridge; and Epson Inkjet printers. What Makes a Good Photograph? An investigation into the elements of a good photograph. Exploring within a single image, the basic concepts of framing, composition, lighting, colour and subject engagement. Through analysis of each other?s prints, you will learn about the importance of colour management and its effect on tonality and colour characteristics. Differences and similarities between Straight Photography and Conceptual Photography will be discussed. Developing a Photographic Series: An in-depth exploration of strategies to develop a photographic series. Different artists and genres of photography will be introduced to help you articulate your own photographic interests. Project development will be guided along through the stages of researching references, planning, execution and review. You will also learn to apply basic concepts of curation with the editing, selection and presentation of images. The Role of the Photographer: Through analysis and discussions of a variety of images, you will be introduced to the semiotics of photography and the role of the photographer in its creation. The photographer as director/art director takes on the responsibility of meaning-making within the frame. Awareness will be brought to the ideas of the preconditioned gaze and the definition of the self in opposition to the other. This will translate to working with subjects and how best to engage and represent them in a photograph. Photography in the Digital Age of Social Media: Digital technology has made the photographic image more ubiquitous than ever. Lectures and discussions will touch upon photographic history and theory, as we try to locate the position of photography as an art form in the age of social media and the proliferation of the everyday image. Attempts will be made as a class to define distinguishing or overlapping traits between fine art and vernacular photography. Class Assignments: - Three creative projects of increasing difficulty help guide you along the process of developing a conceptual photography series. These projects are developed through lectures, tutorials, and instructor and peer feedback sessions. During guided group critiques of projects, you will learn to give structured feedback as you build a visual vocabulary and deepen your understanding of fine art photography. - To inform your own practice, you are to give an artist presentation and to write an exhibition review. This will allow you to research, analyse and present findings on the work of established fine-art photographers and artists who are leading the use of digital imaging. - In-class technical assignments help entrench lessons learnt during lectures and demonstrations."
DP2002 - HISTORY OF PHOTOGRAPHY,"This open elective course will provide an overview of the evolution of the photographic medium over two hundred years from earliest invention to contemporary innovations. In this course you will examine the emergence of photographic traditions and practices within the context of artistic, cultural, social, scientific, and philosophical forces that shaped particular directions in the medium?s development. This course highlights the development of photography as the first media art and is highly relevant to students pursuing the Photographic pathway in Media Arts."
DP2006 - PRINCIPLES OF LIGHTING,In this core course you will be introduced to the control and manipulation of light for a range of situations for film or digital capture. You will learn to observe the quality of natural light as a basis for photographic studio lighting techniques and creative applications. Classroom activity will discuss the theory and application while studio participation will provide hands on experience.
DP3000 - PHOTOGRAPHIC MEDIA & PRESENTATION,"This intermediate-level photography course begins by introducing you to advanced digital processes alongside current professional practices to deepen your understanding of the production, installation, and promotion of exhibition-quality print work. The first half of the course will prepare you for preparing and producing work for gallery and museum spaces, and in the second half the focus will be on conceptual photographic methods in the expanded field beyond the white cube. This learning forms the foundation for advanced studies in contemporary photography and is essential preparation for careers related to fine art photography."
DP3010 - MOVING IMAGE FOR MEDIA ARTISTS,"In this intermediate-level course you will explore the creative space that lies between image, sequenced image, motion-graphic, and video. Using the image as a starting point, you will explore how time-based processes can add extra dimensions to your visual explorations. You will expand imagery into time-based artistic formats and produce video art installations that can be presented in an exhibition context. You will also gain a basic understanding of genres and forms of Video Art and other artist's moving image work within contemporary art and wider media practice."
DT2000 - BASIC PRINCIPLES OF MOTION,"This introductory course will familiarize you with the basic principles that inform all animation practice. You will be introduced to a wide variety of traditional and non-traditional animation styles and the ideas. Through a series of hand drawn exercises, you will gain a practice-based experience of core animation fundamentals. The course is designed to develop your basic skills and to prepare you for more complex application in animation filmmaking. Course Content 1. The 12 principles of animation: Overview of key concepts and theories around the creation of motion through drawing Using simple shapes you will create animations that will focus on different aspect of such principles. 2. How to draw for animation: An exploration of your own character design to show your understanding of anatomy, gesture weight, and how you can capture the force that propels gesture and motion in animation. 3. Exploring and understanding pose weight and attitude in relation to human basic locomotion: Overview of basic concepts in relation to human locomotion. Through the use of a life action and animation examples you will explore the key concept behind the creation of a character basic movement. 4. Transfer the knowledge acquired to your own personal work: Through a series of exercises and in-class projects, you will explore different kinds of animation problems pertaining to creating original movement. Developed through lectures, workshops, peer and instructor feedback, you will apply the principles learned to a series of scenarios that deal with movement, weight, staging, and timing."
DT2001 - 3D PRODUCTION,"This course will introduce you to computer 3D modelling and animation. Emphasis is placed on learning techniques, principles and strategies to enable on-going independent learning of the specialist 3D software used. A wide variety of processes will be reviewed in order to provide an overall awareness of the complete 3D animation production process. Technical processes introduced include modelling, texturing, simple rigging, keyframe animation, lighting and rendering. Once you have gained enough familiarity with essential processes, you will produce a short animation that demonstrates your culminated learning. Most class sessions will contain demonstrations of a particular process by the instructor, reinforced with exercises and tasks for you to perform. 3D Production is comprised of many essential processes that once understood, offer a powerful digital toolset for creative expression and further refinement."
"DT2007 - HISTORY & CULTURE OF ANIMATION, VFX & GAME","In this introductory-level course you will receive a chronological and thematic overview of the history and development of animation through the 20th century. Emphasis will be given to significant animation milestones, with comparative analysis of international and regional, studio and independent, commercial and artistic examples. This course provides a valuable contextual background for other studies in animation, narrative studies, film studies and media theory."
DT2009 - STORYBOARDING & PRODUCTION DESIGN,"You will be introduced to the storyboard as a thinking tool, through which creative ideas are developed and given detail. You will learn to employ artistic tools like framing, camera movement, character movement and key visuals within the larger structure of the entire narrative. The role of the storyboard within the animation pipeline and its relevance to concept development, script development, animatics and production design will be covered. The course will focus partucularly focus on the aspects of animation production design that support the dramatic impact of the story. Further insight will be gained of the connection between visual development and storyboard through exercises and assignments on character design, environment and prop design."
DT2010 - DIGITAL COMPOSITING,"The role of Compositing: Compositing is both the technical and artistic challenge of combining different image sources such as live-action footage, matte-paintings and rendered CG elements into one seamless new output. Digital Compositing plays a key role in visual effects, and it is essential to feature films, commercials, TV shows and animated films. Even non-effect films utilize compositing as the invisible art of image manipulation. The course will deliver a practice-based introduction to the basic techniques of compositing and its place within the production process. Node-Based Compositing: In contrast to the layer-based compositing, which centres on timing, a node-based workflow with an easy to read flow diagram of all processing operations, becomes essential when working on complex composites. This course will introduce both concepts but focuses on node-based workflows. Compositing Techniques: Through practice-based exercises and project assignments, you will learn basic and advanced compositing techniques such as layering and blend modes, colour correction, rotoscoping, tracking, warping, chroma keying and CGI compositing. Artistic Considerations: What makes a good composite? Through analysis of a variety of examples from film and animation, you will develop a sense of creative considerations and their role in creating a successful composite. Class assignments: Creative projects, which explore fundamental compositing techniques. Developed through lectures, tutorials, class exercises and peer/instructor feedback sessions."
DT2011 - STOP MOTION PRINCIPLES,This foundation level course will introduce you to the theoretical and practical basics of stop motion animation and its different techniques. You will analyse stop motion animations from different periods and create a number of animations including one extensive one at the end of the semester. This practical approach will provide a foundational context for contemporary stop motion practice.
DT2018 - ANIMATION FOR GAMES I,"In this intermediate course you will explore animation and motion blending using a real-time digital game environment. You will engage with and experiment with a range of digital methods such as key-framed animation, motion capture blending, real-time rendering, game-based interaction, digital world building, and alternative forms of digital narrative. The learning in this course will position you for future learning and independent projects based around real-time digital game environments."
DT2020 - GAME DESIGN I,"This course will introduce to the student the varied, complex and exciting world of game design. Core fundamental knowledge will be addressed enabling the student to become broadly familiar with the subject and to have a basic understanding of key practices, terminologies and histories. Students will be introduced to node-based and script-centred software with a view to developing basic game levels and core game mechanics and ideas. Students are reminded that ADM rules on attendance and plagiarism are in operation within all ADM courses as laid out in the ADM Student handbook http://www.adm.ntu.edu.sg/CurrentADM/Documents/ADMStudentHandbook2010-2011.pdf."
DT3010 - VISUAL EFFECTS I,"This course will introduce you to the processes and techniques of visual effects, which you will then apply in the creation of original visual effects shots, such as integrating elements from various sources to one seamless output. This learning forms the foundation for further studies in visual effects, computer graphic animation and filmmaking."
DT3013 - ANIMATION SEMINAR,"This course gives you the opportunity to put into practice all you have learned so far in previous animation courses. You will be guided through the creation and production process, working individually or in small teams or two or three, to complete an animated short movie. You will experience the complete animation production process, which will inform planning and decisions for future animation projects."
DT3017 - GAME SEMINAR,"In this advanced level course, you will apply play theory, game mechanics, and game design techniques to create a game that engages meaningfully with an aspect of society. You will examine a range of roles that digital games play in society, including simulation, training, education, and entertainment, and you will identify a context that a digital game could respond to. The learning in this course will directly inform other advanced level game, animation and interactive oriented courses."
HR2001 - INTRODUCTION TO THE HISTORIES OF SOUTHEAST ASIAN ART,"This is a foundational survey course covering works of art, artefacts and sites from Southeast Asia. It begins with the early cultures of prehistory and ends by investigating persisting traditions found in 20th-21st century artworks from Southeast Asia. You will study and question the dynamics, themes, and complexities that distinguishes the region geographically and artistically. You will develop literacy over a range of visual representations by considering their aesthetics, symbolic attributes, and cultural/historical significances. You will cultivate and apply these knowledge through independent research, critical thinking, oral presentations, written tests and assignments. This will provide a foundation for further research and study of art in Southeast Asia."
DD4005 - MEDIA ART INTERDISCIPLINARY SEMINAR,"This professional development course will prepare you for a career in the media industry following graduation. You will benefit from the experience of contemporary industry professionals who will give guidance on essential topics such as career planning, professionalism, employability, entrepreneurship, media industries intellectual property, acquiring funding, and aspects of creative business management. You will take part in discussions and projects that will strengthen your readiness for a professional life after graduation."
CB1131 - INTRODUCTION TO BIOMOLECULAR ENGINEERING,"This course is designed for students with an engineering background to learn the fundamentals of molecular and cell biology, biochemistry and biotechnology. The objective of the course is to provide you with a comprehensive and concise overview of biological science with emphases on its relationship with biomedical engineering. Topics to be covered include the relationship between molecular structure & function, dynamic character of cellular organelles, cellular interactions with microenvironment, mechanisms that regulate cellular activities, practical applications of cell & molecular biology."
CE1105 - DIGITAL LOGIC,"This course aims to develop your ability to analyse and design digital circuits. The design and behaviour of modern digital equipment (e.g. mobile phones and personal computers) are based on functions of binary variables. This course provides you the knowledge to analyse the theoretical characteristics and the skills required for practical technology driven implementations of digital circuits. This course provides an introductory perspective of digital circuits design. It is relevant for anyone pursuing a career in the ICT industry - including those in digital systems, computer architecture and microprocessor based systems design."
CZ1105 - DIGITAL LOGIC,"This course aims to develop your ability to analyse and design digital circuits. The design and behaviour of modern digital equipment (e.g. mobile phones and personal computers) are based on functions of binary variables. This course provides you the knowledge to analyse the theoretical characteristics and the skills required for practical technology driven implementations of digital circuits. This course provides an introductory perspective of digital circuits design. It is relevant for anyone pursuing a career in the ICT industry - including those in digital systems, computer architecture and microprocessor based systems design."
EE1102 - PHYSICS FOUNDATION FOR ELECTRICAL & ELECTRONIC ENGINEERING,"This course aims to build a strong foundation in the relevant physics principles used in the design of common electrical and electronic devices. The course builds on the concepts learned in the common engineering curriculum's first semester physics course. This course focuses on fundamental concepts that are key to EEE students in preparation for subsequent studies, and are utilized daily by electrical and electronics engineering professionals. Students will learn the relationship between physics concepts and their applications in EEE. Contents: Introduction of electromagnetic fields and applications Electromagnetic in electronics, circuits and communications Introduction to light and principles of geometric optics Principles of wave optics Introduction to quantum physics and applications Applications of quantum physics in electronics and lasers"
EG0001 - ENGINEERS & SOCIETY,"This course aims to provide a general understanding of the society we live in and the engineers' roles and responsibilities towards society's well-being. The course is part of broadening education objective in the engineering curriculum. The course covers a wide range of topics including history, political, social and economic development, foreign policy and defence of Singapore and the issues confronting it, the history of engineering, engineering ethics and practices, international politics and globalization and contributions by engineers towards society. The students will have a holistic understanding of Singapore's past and present situation and on the impact of industry to the society."
EG1001 - ENGINEERS IN SOCIETY,"This course aims to provide a general understanding of the society we live in and the engineers' roles and responsibilities towards society's well-being. The course is part of broadening education objective in the engineering curriculum. The course covers a wide range of topics including the history of engineering, engineering ethics and practices, sustainability, and contributions by engineers towards society in the future. The students will have a holistic understanding of the role played by engineers and on their impact in society."
MA1001 - DYNAMICS,Kinematics of Particles; Kinematics of Rigid Bodies; Kinetics of Particles; Kinetics of Rigid Bodies
MA1002 - FUNDAMENTAL ENGINEERING MATERIALS,"Engineering materials and their mechanical properties. Bonding, Crystal Structure, Defects, and Diffusion. Strengthening and toughening mechanisms. Creep, fatigue and fracture. Ceramic Materials, Structure and Properties. Structure of Polymers. Corrosion and Degradation."
MA1008 - INTRODUCTION TO COMPUTATIONAL THINKING,"Computational thinking (CT) is a problem solving process with the aid of computer; i.e. formulating a problem and expressing its solution in such a way that a computer can effectively carry it out. It includes a number of characteristics, such as breaking a problem into small and repetitive ordered steps, logically ordering and analyzing data and creating solutions that can be effectively implemented as algorithms running on computer. As such, CT is essential not only to the Computer Science discipline, but also can be used to support problem solving across all disciplines, including math, science, engineering, business, finance and humanities. The aim of this course is hence to take you students with no prior experience of thinking in a computational manner to a point where you can derive simple algorithms and code programs to solve some basic problems in your domain of studies. You will also learn current computer languages, such as Python, for the coding. In addition, the course will include topics on the internal operations of a processor, and raise awareness on the socio-ethical issues arising from the pervasiveness of computing technology."
MA2001 - MECHANICS OF MATERIALS,"The first four topics of the text are devoted to the analysis of the stresses and of the corresponding deformations in various structural members, considering successively axial loading, torsion, and pure bending. Each analysis is based on a few basic concepts, namely, the conditions of equilibrium of the forces exerted on the member, the relations existing between stress and strain in the material, and the conditions imposed by the supports and loading of the member. The study of each type of loading is complemented by a large number of examples designed to strengthen the students' understanding of the subject. Topic 5 is devoted to the determination of shearing stresses in beams under transverse loadings. More advanced aspects of the design of beams, such as the determination of the principal stresses at the junction of the flange and web of a W-beam, are in Topic 6. The chapter also includes the determination of stresses under combined loadings that can now include the determination of the principal stresses, principal planes, and maximum shearing stress at a given point. The determination of the deflection of beams is discussed in Topic 7. The first part of the chapter is devoted to the integration method followed by the use of singularity functions. Topic 8 is devoted to columns and includes the design of steel and aluminum columns."
MA2003 - INTRODUCTION TO THERMO-FLUIDS,Properties of pure substances. Work and heat. Energy and the first law. Energy balance for closed systems and steady state control volumes. Submerged surfaces and bodies. Elementary fluid dynamics.
MA2004 - MANUFACTURING PROCESSES,"This course aims to provide you with a basic understanding of the manufacturing processes used in industry. These include their fundamental principles, theory, quality issues and applications. Dimension and surface measurement is also included."
MA2024 - ENGINEERING MATERIALS & MANUFACTURING PROCESSES,"This core Engineering course will introduce the fundamental knowledges of engineering materials - with emphasis on metals and alloys - and their manufacturing processes. The first half of the course will lay the foundations for the understanding of the relationships between structure at the atomic level to the properties of materials, the role of defects in determining properties, and the basics as to how alloys are designed. The second part of the course provides the student with a basic understanding of the manufacturing processes used in industry. These include their fundamental principles, theory, quality issues and applications. This course provides mechanical engineering students the foundations for designing and selecting materials for virtually any engineering application, as well as understanding the common manufacturing processes used in industry."
MH1810 - MATHEMATICS 1,"In this course, the basic concepts of limits, differentiation and integration are introduced. Applications of differential and integral calculus are included. In addition, the course also covers topics on complex numbers, vectors and matrices. It aims to prepare the first year engineering students for further courses in engineering disciplines and more advanced mathematics in year 2. This course aims to equip you with 1. mathematical knowledge and analytical skills so that you are able to apply techniques of advanced calculus (along with their existing mathematical skills) to solve engineering or scientific problems whenever applicable; 2. mathematical reading skills so that you can read and understand related mathematical content in the basic and popular scientific and engineering literature; and 3. mathematical communication skills so that you can effectively and rigorously present your mathematical ideas to mathematicians, scientists and engineers."
MH1811 - MATHEMATICS 2,Partial differentiation. Multiple integrals. Sequences and series. First order differential equations. Second order differential equations.
MS1012 - MATERIALS PHYSICS,Electric fields. Gauss' law. Electric potential and electric potential energy. Capacitance and dielectrics. Ohm's law. Direct current circuits. Magnetic fields. Sources of magnetic fields. Ampere's law. Gauss' law in magnetism. Ampere-Maxwell law. Faraday's law. Inductance. Electromagnetic waves and spectrum. Relativity. Blackbody radiation and Planck's hypothesis. Photoelectric effect. Compton effect. Atomic spectra. Bohr model of the atom. Quantum numbers. Pauli exclusion principle and Hund's rule. Electronic configurations. Wave particle duality. Heisenberg uncertainty principle. Molecular Orbitals. Ionic bonding. Madelung Constant.
MS1013 - MATERIALS CHEMISTRY I,"The aim of this course is to provide you with fundamental understanding of basic chemistry which includes inorganic chemistry, physical chemistry, and analytical chemistry."
PH1011 - PHYSICS,1. VECTORS 2. KINEMATICS 3. FORCES AND TORQUES 4. NEWTON'S LAWS OF MOTION 5. IMPULSE AND MOMENTUM 6. WORK AND ENERGY 7. THERMAL PHYSICS 8. ELECTRIC FIELD 9. MAGNETIC FIELD 10. MOTION OF CHARGED PARTICLES AND APPLICATIONS 11. CIRCUITS
PH1012 - PHYSICS A,1. VECTORS 2. KINEMATICS 3. FORCES AND TORQUES 4. NEWTON'S LAWS OF MOTION 5. IMPULSE AND MOMENTUM 6. WORK AND ENERGY 7. THERMAL PHYSICS 8. ELECTRIC FIELD 9. MAGNETIC FIELD 10. MOTION OF CHARGED PARTICLES AND APPLICATIONS 11. CIRCUITS
EG2810 - MATHEMATICS A,"This course aims to provide a mathematical foundation to those who start the B. Eng programme directly from the 2nd year, and to ensure these students have necessary mathematical capability for their study in all other courses in the subsequent semesters."
MA0218 - INTRODUCTION TO DATA SCIENCE & ARTIFICIAL INTELLIGENCE,"In today's era of Information, `Data' is the new driving force, provided we know how to extract relevant `Intelligence'. This course will start with the core principles of Data Science, and will equip you with the basic tool and techniques of data handling, exploratory data analysis, data visualization, data-based inference, and data-focussed communication. The course will also introduce you to the fundamentals of Artificial Intelligence - state space representation, uninformed search, and reinforcement learning. The course will motivate you to work closely with data and make data-driven decisions in your field of study. The course will also touch upon ethical issues in Data Science and Artificial Intelligence, and motivate you to explore the cutting-edge applications related to Big Data, Neural Networks and Deep Learning. Python will be the language of choice to introduce hands-on computational techniques."
MA2005 - ENGINEERING GRAPHICS,"Orthographic projections; Pictorial views and technical sketching; Drawing standards and practices; Sectional views and machine drawings; Development of surfaces; Dimensioning standards, systems and conventions; Dimensioning features and finishes; Tolerance dimensioning and limits; Geometric dimensioning."
MA2006 - ENGINEERING MATHEMATICS,"Linear algebra, vector calculus, Laplace transformation."
MA2007 - THERMODYNAMICS,Properties of pure substances. Work and heat. Energy and the first law. Energy balance for closed systems and steady state control volumes. Second law and entropy. Entropy balance for closed systems and steady state control volumes. Thermodynamic cycles for power plants and refrigeration systems. Ideal gas mixtures and psychrometrics. Reacting mixtures and combustion.
MA2072 - LABORATORY EXPERIMENTS (AE),"The 10 experiments consist of: E2.1AE Behaviour of Aerospace Frame Structures E2.2AE Study of fan performance using dimensional analysis E2.3AE Energy balance in compressor E2.4AE Tensile and viscoelastic properties of materials E2.5AE Two-dimensional strain measurement E2.6AE Frictional losses in pipes and fittings E2.7AE Real-Time ATC Radar Simulator E2.8AE Non-destructive testing E2.9AE Balancing of rotating masses E2.10AE Torsion of cylindrical shafts For the 10 experiments, each student will submit nine log-sheets (on the same day) and one Technical Report (within 1 week)."
MA2701 - FLIGHT PERFORMANCE,Introduction to flight environment. Aerodynamics of the airplane. Basic propulsion characteristics. Aircraft point-mass equations of motion. Steady cruise & climb performance. Range and endurance. Maneuver performance. Takeoff and landing. Energy methods.
MA3001 - MACHINE ELEMENT DESIGN,"This course aims to introduce how many of the most common machine elements such as belts, chains, gears and bearings operate; and how the information learned in previous mechanics of materials and theory of mechanism courses can be applied to solve the design problems encountered when using these elements. You will learn the important features of these elements and the methods of analysing and designing them. You will also learn how machine elements are selected and integrated into common and commercially available mechanical devices and systems, so that these devices and system can satisfy their function and desired application. The use of industrial manuals will be part of the learning experience of this course."
HW0288 - ENGINEERING COMMUNICATION,"HW0288 is an advanced course which aims to enhance the spoken and written abilities of engineering students when communicating in both academic and professional settings. In this course, the emphasis is on advanced skills in academic and professional communication. In the academic literacy and information literacy components of the course, you learn advanced skills for searching academic databases, evaluating sources and incorporating and citing them appropriately in your writing. In the professional communication component of the course, you learn written and oral workplace communication skills such as writing emails, participating at meetings, interacting with clients and projecting a professional image of yourself."
MA3003 - HEAT TRANSFER,"A comprehensive knowledge of heat transfer is essential to the training of a mechanical engineer in our knowledge-based economy. As a first course on the subject, it covers the essential topics of heat transfer viz. one-dimensional, steady and unsteady heat conduction, extended surface heat transfer, convection fundamentals and applications, principles and methods of heat exchanger rating and design and radiation heat transfer analysis."
MA3006 - FLUID MECHANICS,Momentum equation and its applications. Dimensional analysis and similitude. Internal flows and piping systems. Principles and applications of fluid machines.
MA3072 - ENGINEERING EXPERIMENTS (AE),"Code Title P3.1A Failure Analysis of Aircraft Components P3.2A Flight Instrumentation and Navigation P3.3A Design Simulation and Implementation of Electrohydraulic Circuits for an Aircraft P3.4A Aerospace Composite Beams and their Flexure Behaviour P3.5A Vibration Measurement and Analysis of Multiple Degrees of Freedom Systems P3.6A Familiarisation of ATC Tower Operations and Flight Sequencing P3.7A Computational Aerodynamics P3.8A Dynamics and Control of 3-DOF Helicopter P3.9A Flow Over an Aerofoil Section E3.1A Heat Exchanger E3.2A Dynamic Vibration Absorber E3.3A Vibration of a 2-DOF System E3.4A Computer Modelling, Simulation and Control of an Electromechanical System E3.5A Control of a DC Servomotor E3.6A Transient Heat Conduction"
MA3700 - AIRCRAFT STRUCTURES I,Structural components of an aircraft. Loads on aircraft. Aircraft structural components and structural idealization. Open and closed thin walled tubes. Multicell structures. Axial constraint. Practical aircraft structural analysis. Buckling phenomenon. Buckling of columns and beam-columns.
MA3701 - AERODYNAMICS,"The course aims to provide you with a fundamental understanding of aerodynamic principles associated with incompressible and compressible flow phenomena, as well as experimental techniques commonly used to study them. Under incompressible flows, you will learn basic potential flow theory for inviscid fluids and flow past 2D aerofoil sections and 3D finite wings. On the other hand, for compressible flows, you will learn about speed of sound and interesting phenomena such oblique shocks and expansion fans, when flow speeds exceed sonic speed. You will also be taught how aerofoil and aircraft sections behave in high subsonic, transonic and supersonic speed regimes, and some of the ways to predict the flow speed and behaviour, with a view to overcome supersonic flight challenges. Lastly, you will also learn about common experimental procedures to better understand and measure aerodynamic flows, and which technique will be appropriate for certain flow scenarios."
MA3702 - AIRCRAFT PROPULSION,The course will review the fundamental principles of thermodynamics and fluid mechanics and how they may be applied to aircraft propulsion. The theory of jet propulsion will be introduced and the concepts relating to thrust generation will be discussed. The course will then go into propulsion cycle analyses and the performance for different engine cycles will be covered. The various engine components and their performance will be evaluated. Rocket propulsion concepts will be discussed at the end of the course.
MA3703 - FLIGHT DYNAMICS,Introduction. Static stability and control. Six degree-of-freedom aircraft flight modeling. Linearization and linear system theory. Linearized aircraft equations of motion. Longitudinal and lateral-directional dynamics. Introduction to aircraft control.
MA3704 - AIRCRAFT ELECTRICAL DEVICES,"Aircraft electrical power systems, Electromagnetic principles and actuators, Electrical transformers, Electrical rotating machines."
MA3705 - AEROSPACE CONTROL THEORY,Introduction. Dynamic system modeling. Dynamic response characteristics. Aircraft dynamic characteristics. Feedback control systems. Root locus techniques. Frequency-domain analysis and design. Application in flight control systems.
MA4002 - FLUID DYNAMICS,"This course aims to provide fundamental principles and concepts in potential flow and high velocity flows where the compressibility effects of gas have to be considered and therefore its density will not remain constant as the velocity changes. The course will also impart to you, the student, theories on laminar and turbulent boundary layer flows over flat plates, external flows around immersed bodies and the drags on flat plates and bluff bodies. Other objectives are to provide principles and theories relating to unsteady flows in pipes and flows in turbomachines such as pumps and turbines."
MA4701 - AIRCRAFT DESIGN,"Introduction and Overview of the Aircraft Design Process. Initial Design Estimates and Configuration Layout. Review (Aerodynamics, Aerostructures, Aircraft Performance and Flight Mechanics). Propulsion and Aircraft Systems Integration. Airworthiness, Certification and Environmental Considerations. Material Requirements and Selection. Cost Analysis. Special Design Considerations."
MA4702 - AIRCRAFT STRUCTURES II,"The course will provide an understanding of the basic approach to the finite element method (FEM) for structural stress analysis. As most aircraft and aerospace structures are complex and cannot be analysed analytically, all underlying fundamentals required by the FEM will be taught so that students eventually become intelligent users of this powerful numerical tool. In addition, it will provide a general understanding of vibration analysis methods applicable to the design of aircraft structures, covering vibration analyses of discrete and continuous systems, vibration measurement and control. The aim of the course is to extend and enhance the fundamental solid mechanics concepts for solving both general and complex aircraft structural problems."
MA4704 - AEROELASTICITY,1. Introduction to Aeroelasticity 2. Review of Structural Dynamics 3. Static Aeroelasticity 4. Unsteady Aerodynamics 5. Flutter
MA4705 - AIRCRAFT NAVIGATION & FLIGHT COMPUTERS,Introduction to Signal and Processes; Radio and Inertial Navigation; Basics of Navigation Data Processing; Fundamental and Trend of Flight Computers and Flight Control Systems.
MA4804 - OPTIMIZATION THEORY & APPLICATIONS,Introduction and Overview; Fundamental Concepts in Optimization; Categorization of Optimization Problems and Methods; Non-Linear Programming; Linear Programming; Discrete Optimization; Software Tools; Multi-Objective Optimization.
MA4811 - PSYCHROMETRY & AIR CONDITIONING,"Air-conditioning systems and applications. Psychrometrics, comfort and health. Heat transmission in building structures, heat gains, and cooling load calculations. Cooling equipment. Chilled water distribution systems. Air distribution systems. Cooling systems design sizing and energy calculations. Computer-aided load sizing of air-conditioning system."
MA4814 - COMPUTATIONAL FLUID DYNAMICS,"This course is offered to Year 3 and Year 4 students. The course introduces you to computational fluid dynamics (CFD) which involves the numerical solution of the partial differential equations governing fluid flow. The overall aim of the course is to extend the fundamental knowledge of fluid mechanics and to apply them to complex relevant problems by use of CFD. This is achieved by introducing the fundamental concepts of numerical approximations of fluid flow equations, solving the resulting numerical system of equations, distinguishing between different types of error, determining stability of different numerical approximations, classifying and identifying the different partial differential equations types. The course also aims to train you on commercial CFD software."
MA4822 - MEASUREMENTS & SENSING SYSTEMS,"An introductory level to the principles of measurements and the various types of sensors used in common engineering applications. The course content will cover measurement principles and errors, the operating principles and the underlying physics of the sensors and selection criteria."
MA4825 - ROBOTICS,"This engineering course aims at educating you with the fundamental knowledge and basic skills in robotics, which will enable you to become future designers of robots as well as future researchers in robotics. The design knowledge and skills cover design of robot mechanisms, design of robot's motion control system, and design of robot's software systems, etc."
MA4842 - ENGINEERING METROLOGY & MATERIALS CHARACTERIZATION,"The course aims to introduce you the importance of measurement and its relevance to industry. The detailed topics include the definition and importance of SI base units, mechanical metrology, surface metrology, coordinate metrology, laser and optical metrology. The course also enables with much needed material characterization principles and techniques needed for the industry. This course will train you the fundamental measurement principles as well as the instrumentation for the measurement. You will also experience the real industrial measurement applications through the case studies."
MA4849 - OPERATIONS RESEARCH,"Refresher on probability models; Decision-making under uncertainty; Utility and risk analysis; Forecasting; Queuing models; Inventory models, planning and control; linear and integer programming; transportation and assignment problems; network optimization; Application to manufacturing, logistics and healthcare systems."
MA4850 - SUPPLY CHAIN & LOGISTICS MANAGEMENT,Introduction to supply chain management; Value of information; Multi-echelon Inventory models; Supply Chain strategies; Supply chain and logistics network design; Warehousing and transportation management; SC benchmarking and performance measurement.
MA4881 - AIR TRAFFIC MANAGEMENT,"The aim of this course is to introduce you to Air Traffic Management (ATM). The course will cover fundamental concepts in ATM such as communication, navigation and surveillance as well as Air Traffic Control operations and procedures. The course will also introduce the role of airports and impact of weather in ATM. You will learn about environmental impact of aviation and human factor issues in air traffic. Advanced ATM concepts and future air traffic research programs i.e. SESAR and NextGen will also be introduced. The course also aims to deliver hands-on-simulation of control tower and approach radar. You will learn about quantitative modelling of Air Traffic Control (ATC) problems and will also do a field visit. The course will highlight the important role Singapore plays in the Asia-Pacific region?s air traffic management and the future challenges to the regional air transportation."
MA4882 - ADVANCED MANUFACTURING & MATERIALS PROCESSING,"The course aims are that you will learn about the importance of advanced manufacturing and materials processes geared towards industries with high-valued applications. In a nutshell, this course provides the essential knowledge that entails transformation of raw materials into usable forms. You should be able to understand the limitations of advanced manufacturing processes- all embracing a broad spectrum of products categories as metals and alloys, semiconductor materials, and polymers and composites. You will also need to understand the principles associated with the processes for a variety of industry use in component manufacturing and semi-conductor industries. Students will then be able to choose a suitable manufacturing process to suit a certain application."
MA4884 - SYSTEMS THINKING & SYSTEMS ENGINEERING,"This course is organized into two closely related modules. Module 1 introduces what is Systems Thinking and how does it relate to Systems Engineering. Systems Thinking is a dialectical way of thinking that relates real-world needs and problems to idealized conceptual models in order to explore and develop viable solutions. A systemic approach is adopted that emphasizes both logic and culture, as in human behaviour, in problem solving. It recognises that the world is a set of highly interconnected technical and social entities which are hierarchically organised producing emergent properties. Systems Thinking is an essential skill for Systems Engineers which is shared with many disciplines and provides a key intellectual underpinning for Systems Engineering and program management. Module 2 provides first a conceptual-level description of Systems Engineering discipline. It then follows up with application aspects of the systems engineering processes and practices that relate to the life cycle development and management of an engineered system. The course aims to provide an overview of how a quality engineered system is developed based broadly on an extended life-cycle model from defining a business case, addressing stakeholders? needs and requirements, developing systems requirements, functional and physical architecture, to systems design and build, systems integration and verification, and final validation and acceptance. This course also gives emphasis to the interdependency between Systems Engineering and Program Management, with both disciplines enabled by Systems Thinking and methodologies. Teaching cases will be used to illustrate the economic, technical and programmatic benefits of applying systems thinking and systems engineering practices in the planning, development and deployment of complex products and systems. A special topic will be introduced to gain an appreciation of the strategy and architecture of Industry 4.0. A system of systems perspective will be encouraged to gain additional insights of this 4th Industrial Revolution and how it will shape the future of manufacturing."
BG3112 - CARDIOVASCULAR ENGINEERING,"This course aims to support you to learn and understand the fundamentals in fluid mechanics and be able to apply this knowledge to solve problems in cardiovascular engineering. You would also learn and study the anatomy of the human cardiovascular system, understand blood rheology and phenomenon in blood circulation, utilize basic steady and unsteady flow models to describe flow mechanics in the cardiovascular system, and learn basic concepts in heart dynamics."
BG4102 - MEDICAL DEVICE DESIGN,This course aims to provide you with the opportunity to work in teams and integrate your knowledge in bioengineering and project management courses to design and produce a medical device.
BG4103 - BIOMEDICAL PROJECT DESIGN & MANAGEMENT,"Biomedical innovation process. Knowledge of project design and management. Patents, regulatory affairs and reimbursement schemes. Design selection and prototyping."
BG4122 - MEDICAL DEVICE DESIGN,"This course aims to provide final-year students with the opportunity to work in teams to design and produce a medical device through integration and implement of knowledge in bioengineering. The student teams will learn a project's key features and will plan out major deliverables, to facilitate conceptualization and selection of designs to achieve the desired project goals. Then, they will demonstrate their proposed medical devices through prototypes produced in the lab."
BG4215 - BIOMEDICAL NANOTECHNOLOGY,"This course will explore the world of micro/nanotechnology for applications in biomedical engineering. Topics that will be covered are prospects of nanomedicine and its importance in medical diagnostics, pathways to molecular manufacturing, molecular transport, and nano-sensor for medical applications."
BG4231 - ADVANCED BIOMATERIALS,Bioceramics: Structure and Properties. Processing. Applications. Polymers. Biodegradable Polymers. Natural Polymers.
BG4341 - FUNDAMENTALS OF INTELLECTUAL PROPERTY IN BIOMEDICAL ENGINEER,"This course provides you with a working understanding on significant intellectual property (IP) protection regimes in Singapore, covering copyright, patents, registered design, trade marks and trade secrets and the relevant legislation and legal principles. The central aim of the course is providing students with the ability to identify, differentiate and apply various aspects of these IP regimes in connection with a business's intellectual asset outputs. Particular emphasis will be placed on the legal issues in relation to creation, protection, and exploitation of these intellectual assets. Within this context, the course explores how analysing IP rights protection laws and their considerations can guide a business's IP strategies, and how a business is able to use such IP considerations to assess the viability of potential courses of action and their plausible business implications. A note on the legal cases that are highlighted in the study units: these cases are for illustrative purposes in relation to the legal principles discussed; in general students are NOT expected to be able to recall them or use them in presenting arguments for assessment purposes."
BS4010 - SYNTHETIC BIOLOGY,"This course aims to highlight how the complexity of biological systems, combined with traditional engineering approaches, results in the emergence of new design principles for synthetic biology. It will also introduce many exciting examples of practical applications of synthetic biology, including various state-of-the-art experimental and computational tools for synthetic biology, and an awareness of how traditional engineering knowledge benefits industrial application."
CH2010 - ENGINEERING STATISTICS,The objective of this course is to introduce the concept of statistics and probability in engineering. It helps students to obtain correct interpretation from data collected and construct models for performance prediction. Key topics taught: 1. Probability and probability distributions 2. Sampling distributions 3. Point estimation 4. Confidence intervals 5. Hypothesis testing 6. Regression
CH4106 - FORMULATION OF ACTIVE PHARMACEUTICAL INGREDIENTS DOSAGE FORM,"The objective of the course is to give an insight in drug formulation and the setting of quality specifications. Thus, the course is devoted to the objectives involved in bringing an active pharmaceutical ingredient into an effective and safe dosage form."
CH4244 - NUMERICAL METHODS & DATA ANALYTICS,"The objective of this course is to introduce the concept of Data Analytics to solve problems encountered in engineering and non-engineering fields. After completing the course, you will be able to use numerical approaches learnt in this course to gain understanding, optimize and make decision from data."
CH4306 - BIOANALYTICAL TECHNIQUES,"The objective of this course is to provide a forum for advanced student discussion on the development, application and utility of modern analytical and bioanalytical methods and techniques used in research. A secondary purpose is to discuss the generation, application and meaning of data in addressing complex questions and problems in biochemical engineering, cell biology, molecular biology and biochemistry."
BS1001 - INTRODUCTORY BIOLOGY,"This course aims to introduce you to biology at the basic molecular, cellular, tissue and body levels that will bring into perspective the unifying theme of all living things. You will learn about evolution, biodiversity, metabolism, physiology, and current advances in biology that have implications to our society and biology's interaction with other disciplines. This course will prepare you for advanced biology courses, and may prepare you for professional careers in teaching, research and those that require some basic understanding of biology."
BS1008 - BIOSTATISTICS,"This course aims to provide an overview of the importance of biostatistics in the scientific design of experiments and in the data collection processing, analysis and interpretation of the life sciences. Students will learn the basic theory, computational skills, and applications of statistics in biology."
BS1016 - PHYSIOLOGY,"This course aims to provide an integrated understanding of how the human body works at the level of body systems, organs, cells and molecules. The content includes the concepts and skills required for understanding the common issues in health and diseases at the individual and community levels. You will gain a broad understanding of recent advances in physiology, and will recognize the value of research at the level of the whole organism. The course will prepare you for subsequent courses and careers that require an understanding of physiology, and will develop your critical thinking and communication skills"
BS1101 - BASICS OF TCM,"This course aims to give you a firm foundational understanding the human physiological and pathological pathways through the Traditional Chinese Medicine (TCM) theories. In this course, you will comprehend and learn to apply the theories of Yin Yang, Qi, Blood and Body Fluid, Five Elements, Zang-Fu and Collateral Meridians. Different basic principles used for disease prevention in TCM will also be covered."
BS1200 - UNDERSTANDING SINGAPORE HEALTHCARE SYSTEM,"This course aims to bring about an understanding of the healthcare system of Singapore. You will be examining the various components that interconnect with each other to deliver what is referred to as ""healthcare"" in the Singapore context. You will get a perspective of how Singapore's healthcare system has developed over time to reach the current state, the stakeholders involved and their respective contribution to it. Case studies will be presented to you for discussion in order to gain insight on the operations in and challenges faced by various sectors making up the healthcare system. Through this course, you will see the relevance of (i) biomedical sciences knowledge and (ii) the businesses serving the healthcare sector to the sustenance of a viable healthcare system."
BS2011 - EQUATIONS OF LIFE,"This course aims to provide you with the general knowledge and basic training of mathematics in biology. In this course, you will go back to the early days of biological research to recognize that some great discoveries in biology were possible only through application of mathematics. Additionally, you will study a few biological phenomena that most of you are familiar with, such as Mendelian genetics, population genetics, gene mapping, bacterial mutation, and enzyme catalysis. During the online course, you will learn how to 'translate' a biological problem into 'mathematical language' called an equation. Then you solve the equation by using mathematical tools and arrive at a 'solution' which is one of the equations of life. Finally, you will apply the equation to life situation to test whether the equation has been able to unravel the mystery that you were concerned with at the beginning."
BS2101 - ANATOMY,"This course introduces gross structures of the human body using a systemic anatomy approach. The course also considers the relationships between different organs in each region and their clinical correlations. By using 3D anatomical models and skeletons, you will learn the important structures of the human body and will be able to use this knowledge in later medical and clinical courses."
BS3027 - LIGHT & BIOMOLECULE BEHAVIOR IN HEALTH & DISEASE,"In health and disease, the state of cells and organisms depends on their smallest components, i.e., biomolecules. In this course, you will learn how light can be used to enquire about biomolecule behavior and misbehavior. This will be approached using examples of biomedical interest and from different points of view, such as conformational change, protein-protein interaction and dynamics, size and shape, kinetics, identification, protein stabilization, and aggregation. By doing this, you will become conversant in some of the most important spectroscopic techniques used in the biomedical field. Overall, the aim of this course is that you become familiar with their applications, limitations and complementarity. From a professional perspective, each of these techniques is a world in itself, and familiarity with their applications will also be useful in your future potential links with industry. In a wider biological context, spectroscopy has key roles in fields such as disease diagnostics, drug discovery, antibody and vaccine development, tissue/organism classification and identification and food science."
BS0004 - INTRODUCTION TO DATA SCIENCE,"This course aims to introduce you to the field of data science. By the end of this course, you should appreciate how data science contributes towards Singapore's Smart Nation aspirations, potential ethical issues (especially with the use of AI), and its uses in the biological sciences. It is particularly noteworthy that biology is becoming increasingly digitized thanks to advancements in -omics platforms, advanced analytics, the advent of AI and cloud-based mega-data repositories. Hence, the modern biologist needs to understand how data science could potentially make his/her research more effective. You will learn what this exciting new field is about: how it relates towards Singapore, ethical issues and its application in biological sciences. You will also learn about some of the main themes related to data science, namely algorithms, AI and machine learning, logic, databases and networks."
BS2002 - MICROBIOLOGY,This course aims to introduce the general concepts of microbiology and its impact on the environment and society. The course will examine the range of applications of microorganisms in industry and as part of this you will learn the basic cellular organisation and function of key microorganisms and understand the special requirements for microbial growth especially in how it relates to control of microorganisms in the environment or during infection. The course will help you to understand the genetic mechanisms and physiological responses that drive interactions between microorganisms and their environment.
BS2024 - EVOLUTION IN HEALTH & DISEASE,"This course aims to introduce you to discover yourself as Homo sapience, which is a result of the evolution process for a long time. The class will focus on phenotypic differences between individuals, especially for diseases and symptoms, which are associated with genetic variants and results of evolution. You will learn about the evolution and the demographic history of humans in the population genetic perspective. Throughout the course, you will obtain essential knowledge and applications of population genetics, genomics, and evolutionary biology. Also, you will learn the most advanced population genomic and human genetic studies from scientists who are conducting research projects in the field. This course is crucial to those considering medical genetics and human genetics as a future career."
BS2028 - INSTRUMENTATION FOR THE ANALYSIS OF BIOLOGICAL SYSTEMS,"The goal of this course is to introduce a basic understanding of various biophysical tools and their application to the study biological samples, from molecules to cells and tissues."
BS2100 - MOLECULAR & CELL BIOLOGY TECHNIQUES LEVEL 2,"The aim of this course is to provide you with fundamental knowledge and develop your practical skills in molecular and cell biology methods and techniques. They are methods and techniques that are used to determine gene expression using reverse transcription-PCR, to manipulate gene expression using CRISPR/Cas9 systems or short hairpin RNAs, to culture and transfect mammalian cells, to analyse protein-protein interactions using immunoprecipation and GST-fusion protein pulldown assays, to determine protein localization in the cell using fluorescent labeling and fluorescence microscopy, to resolve and detect interacting proteins using gel electrophoresis and Western blotting, and to analyse protein-DNA interaction using electrophoretic mobility shift assay. You will learn how to operate essential laboratory equipment. You will develop skills for organizing and presenting experimental data in graphs, tables and gels. You will develop the skills for analyzing and interpreting experimental data. These basic research skills will prepare you for the BS4020 final year research project and potentially a career in a research laboratory."
BS2102 - CHINESE MATERIA MEDICA,"This course introduces the different unique properties of Chinese herbs and medicines, and their application in clinical practice, according to the nature of diseases or illnesses. You will learn a wide range of Chinese medicines, according to their sources, processing procedures, medicinal properties, and pharmacological functions."
BS2103 - TCM DIAGNOSTICS,"This course aims to introduce the four basic TCM methods used to collect information from the patient. In this course, you will learn how to diagnose the TCM syndromes based on symptoms displayed. You will also learn how to differentiate symptoms according to TCM theories. At the end of the course, you will be able to apply and practise what you have learnt in a clinical setting."
BS3037 - VIROLOGY,"This course aims to introduce the fundamentals of virus prophylaxis, therapeutics and diagnostics. You will learn to recognise how viruses differ from other microorganisms, recognise the relevance of emerging virus infection in a local and international context and recognise the clinical and economic importance of virus infections. You will be able to define some of the current focuses on virus research (in a global context). You will also be able to critically evaluate and discuss the reporting of virus disease by others e.g. in the media."
BS3331 - UAEB WORKSHOP (SERIES I) - APPLIED IMMUNOLOGY,"During this practical course we will analyse the immunological response generated in situ in the respiratory tract and correspondent draining lymph nodes during an influenza infection. You will learn how to analyse the phenotype of immune cells by flow cytometry, how to investigate anti-viral immune responses by quantitative PCR as well as ELISA analysis. The aim of this course is to compare cells, serum, bronchial lavages and tissues obtained from an uninfected control and from an H1N1 influenza (strain A/PR8/1934) infected mouse and visualize viral specific immune responses which take place during the progression of the infection. Obtained data will be discussed together during the lab session. A final report will be graded together with the participation and engagement demonstrated during the practical course. This course aims to provide opportunities for in-depth training on immunology-related techniques, such as lymphoid-organ collection, lymphoid cell preparation, multi-parametric flow-cytometry analysis, cytokine determination by ELISA and qPCR. You will gain valuable experience regarding project design, experimental operation, trouble-shooting and data analysis."
BS3342 - UAEB II -ROLE OF ACTIN CYTOSKELETON REGULATORS IN METASTASIS,"This course aims to introduce the techniques used in the analysis of epithelial mesenchymal transition, a precursor to metastasis. During this one-week workshop, you will analyse the effect of inhibition of actin cytoskeleton regulators on epithelial mesenchymal transition using different molecular and cell biology experimental techniques. You will gain better insight into how scientific hypotheses are formulated based on existing data and how experiments are designed to test these hypotheses. You will appreciate the role of actin cytoskeleton in many cellular processes such as cell migration during metastasis. You will also develop skills in data acquisition and analysis, and scientific communication in terms of oral presentation and report writing."
ES3302 - TROPICAL ECOLOGY,"This class will make the students familiar with modern concepts in tropical ecology, conservation and management, with particular attention to its importance for human populations and the socio-cultural impacts of changing ecosystem services."
ES4303 - MARINE & AQUATIC ECOLOGY,"In this class the students will become familiar with all the major marine habitats and related taxa of organisms. The course will also introduce basic concepts of biogeochemical cycling for carbon, nitrogen and phosphorus. The basic concepts learned during the course will be explored during a short field experience (tutorial)."
BS2023 - REGULATORY CONTROL OF HEALTHCARE PRODUCTS & MEDICAL DEVICES,"This 13-week programme provides a complete and concise treatment of the key considerations in the development and regulation of healthcare products. The main area of concentration is in medical devices and is divided into four parts. The course begins with a historical introduction into the healthcare products industry and the start of regulatory controls. It then moves into the core principles of healthcare products regulations and expands into the methodologies of ensuring compliance with regulatory requirements. This includes going through the fundamentals of Good Manufacturing Practices, quality management systems, product risk classification, risk management and the different regulatory systems in the world. At the end of this course, you should have a clear understanding of healthcare products regulations and able to apply these requirements in product development. You will also be required to perform casework to test their ability to apply these concepts in real scenarios."
BS3003 - DEVELOPMENTAL BIOLOGY,This course aims to introduce early embryonic development of different model organisms. You will gain an insight into animals (primarily those with well-characterized genetics) which are used in biological research and from which important contributions to understanding fundamental processes in cells have been made. Completion of this course should give you a good understanding of developmental biology and provide a basis for more advanced courses. You will become familiar with the experimental strategies and tools used by developmental biologists.
BS3004 - CANCER BIOLOGY & THERAPY,"The course will survey the genes and gene products which control cellular proliferation, and the genetic changes that lead to the various stages of cancer. You will apply this information by studying real or imagined experiments and proposing hypotheses to explain the results. You will think broadly about the molecular mechanisms regulating cell function and how these are assessed experimentally. You will apply your understanding of the molecular mechanisms regulating cancer cells to understand how therapies can be developed to target cancer. Learning will be accomplished through a combination of traditional lectures, online learning and lab practicals."
BS3018 - PLANT BIOLOGY,"This course aims to introduce the world of plants at an advanced level in selected topics such as diversity and classification, ecology, physiology, the photosynthetic processes and bioenergy, plant genomics and secondary metabolites. The course discusses sustainability and maintenance of our planet including concepts such as the vulnerability and destruction of rainforests, obtaining energy from plants and artificial photosynthesis, enhancing agricultural outcomes, and natural products with their uses in Western and Traditional Medicine."
BS3021 - BIOIMAGING TECHNIQUES IN EM,This course aims to introduce the key principles of electron microscopy and it will discuss the need for electron microscopes. Students will learn various applications of electron microscopy in cellular and structural biology. The course also covers how electron microscopy can be applied in various areas of life sciences
BS3038 - INTELLECTUAL PROPERTY RIGHTS RELATED TO BIOBUSINESS,"This course aims to provide an introduction to intellectual property, in particular, those that are related to BioBusiness, including patents, trademarks, and trade secrets. It also aims to cover aspects of Patenting in greater detail, e.g. the rules of a patent, how to apply for a patent, what is the timeline of the patent, how to search into patent database or how to make profit or market your invention, will be covered. The course will further expose you to other tools like freedom to operate and licensing, compare the legislative differences with respect to Intellectual Property in different regions of the world, and facilitate you to consider the implications of these in terms of practice."
BS3101 - TREATISE ON EXOGENOUS FEBRILE DISEASES,"This course introduces the principles and concepts of 'Treatise' and explication of its core theme, which provides guidelines for the actual clinical practice. The lectures will cover the principles of clinical treatment, according to the differential diagnosis and herbal combinations within Chinese prescriptions and their related uses."
BS3103 - TCM INTERNSHIP II,"This course aims to lead students into actual general diagnosis procedures in TCM practice. The internship will integrate the knowledge previously taught in Basics of TCM and TCM Diagnostics, Chinese Materia Medica, TCM Formulary, Acupuncture and Moxibustion to analyse the patient's individual medical conditions and propose a treatment plan."
BS3108 - ACUPUNCTURE & MOXIBUSTION,"This course aims to provide a strong foundation and understanding on the fundamental theories of acupuncture and its clinical applications in treating various kinds of ailments and diseases. The lectures cover basic theories of acupuncture, moxibustion as well as the clinical therapeutic functions of acupuncture points. You will also be required to undergo acupuncture practical lessons where you will learn how to locate the acupuncture points accurately, and practice the techniques of acupuncture, cupping and moxibustion."
BS3202 - COMMERCIALIZATION OF MOLECULAR & CELL BIOLOGY TECHNIQUES,"This course aims to provide fundamental knowledge about how practical techniques in molecular and cell biology methods may be evolved and developed into current commercial products. These include techniques related to protein and DNA/RNA, microscope imaging, molecular cloning and cell culture. This commercial-concept based course will develop your curiosity about how biological processes are implemented into final products and commercial business. In some special case studies, financial funding history or product regulation highlights will be introduced as inspiration to shape up potential business ideas later."
BS3344 - UAEB II - MACROMOLECULAR CRYSTALLOGRAPHY,"The aim of this one-week intensive course is to provide a hands-on approach to practical modern biological macromolecular crystallography. Briefings or introduction of the concepts and techniques related to the practical of the day will be followed by practical classes at the bench or in the computer lab. The intended audience is composed of undergraduates who want to use crystallographic methods during the course of their projects and/or students in the field of macromolecular crystallography, especially for 2nd major in Biomedical Structural Biology students. Students will work in teams to solve case studies during the class and during assignments. The course also aims to foster critical examination of research papers presenting crystal structures. This course is designed for biology undergraduates in later half of their study and to further study in the related field."
BS3352 - UAEB - AN EXPERIMENTALIST'S GUIDE TO GENOMIC DATA,"This course aims to introduce students to essential techniques for mining, analysing, and visualizing next generation sequencing data. The target audience is students with prior experience in bioinformatics or programming. They will select genomic datasets from published literature, process the data, and derive meaningful insights. Students will learn to convey their bioinformatic analysis succinctly and accessibly, such that it can be understood by both experimental and computational biologists."
BS4002 - CURRENT TOPICS IN CELL BIOLOGY,"This course aims to introduce current cell biology concepts and techniques such as cell imaging, image analysis, and biophysics. The course requires you to analyse cell biology research using critical thinking. This course will actively enhance your communication, presentation, and teamwork skills."
BS4015 - PLANT BIOTECHNOLOGY,"This 4th year elective course aims to help you gain an advanced level of understanding of the comprehensive components of plant biotechnology, the discipline that is making growing contributions to food security, human and animal health and sustainable environment but often surrounded by misunderstanding, criticism and safety concerns. On top of technical insights into plant breeding, tissue culture, plant genes and genetic modification (GM), you will have the overview of GM plants in the market and pipeline and their various applications like food and medicine. You will also gain a good knowledge on global regulation framework on GM plant and product as well as intellectual property rights related to plant biotechnology. The course will help your careers in plant related research, government regulatory bodies, education, food industry and other plant product and related businesses."
BS4017 - HIGH-THROUGHPUT BIOINFORMATICS,"High throughput sequencing has made it possible to quantify the genomes and transcriptomes of any species. Transcriptome sequencing can produce evidence about molecular responses to environmental stimuli, whereas genome sequencing is used to study the evolution and adaptation in the particular species. In this course you will develop skills to process and analyze both genome and transcriptome sequencing data from most common sequencing platforms and to carry out data analysis in species with or without a reference genome. Practical analysis is done using free and open-source software tools with an emphasis on the command-line Linux computing environment."
ES3307 - EXPERIMENTAL DESIGN & ANALYSIS FOR ECOLOGY,"This course introduces you to the basic principles of experimental design and analysis of ecological experiments. It introduces you to methods and key concepts for designing and implementing experiments in both the field and laboratory. You will learn how to plan and execute an experiment, key concepts in designing experiments, and how to analyse and present your results. This course builds on the statistical and R skills you should have learned in BS1008 and MH3511, and you will learn how to apply these statistical methods to real-life ecological field and lab experiments. This course uses R, and assumes some introductory knowledge of statistics and the R language. This course is a pre-requisite for ES4002 Final Year Project Ecology specialization students."
BS1012 - FOUNDATIONS OF CHEMISTRY I,"The course covers fundamental concepts and organizing principles of chemistry that provide the foundation for many aspects of chemical science and related fields. It aims to bring Freshmen students in science and engineering to the same level of command of basic chemistry that is essential to progress to advanced courses. The concepts espoused in the course will be illustrated and connected with real world applications whenever relevant. Practical work is at the heart of chemistry. The laboratory component of this course aims to expose you to chosen experiments which will help you gain familiarity with a variety of skills, laboratory techniques and equipment and instill in you the ability to work independently as well as part of a team."
BS2003 - BIOCHEMISTRY II,"Metabolism represents the sum of the chemical changes that converts nutrients, necessary to nourish living organisms, into energy and the chemically complex finished products of cells. Metabolism consists of literally hundreds of enzymatic reactions organized into discrete pathways. These pathways proceed in a stepwise fashion, transforming substrates into end products through many specific chemical intermediates. The course will give an understanding about the anabolic and catabolic processes that satisfy the metabolic needs of the biological cell. This course deals with the basic principles, pathways and regulation of metabolism required to understand modern biological sciences. The lectures will cover introduction to metabolism and regulation and enzyme catalysis, carbohydrate metabolism, citric acid cycle, oxidative phosphorylation, photosynthesis, lipid metabolism, amino acid- and nucleotide metabolism."
HW0218 - COMMUNICATION ACROSS THE SCIENCES,"The aim of the course is to enhance the abilities of science students to recognize and employ effective skills and strategies for written and oral communication in both academic and public settings. On the one hand, the emphasis of this course is on basic micro skills in scientific communication such as searching academic databases, critically reading scientific texts, citing from sources, composing scientific arguments, and making effective presentations. On the other hand, it introduces you to the conventions of scientific texts such as annotated bibliographies and proposals that require a combination of informative, evaluative, and persuasive writing skills. In addition, you will have an opportunity to share your ideas with your peers through group discussions, in-class presentations on current scientific topics and poster presentations of your proposals. Using a pre-determined set of evaluation criteria, you will give feedback to your peers on the course assignments, under the supervision of your tutors. The course will culminate with a poster presentation session where you will present your proposals to the wider scientific community in your schools for an authentic communication experience. Through this course, it is hoped that you will become better communicators when conveying your scientific ideas in writing and speech to your peers and an educated audience."
BS3338 - UAEB II - EFFECT OF ANTI-MITOTIC DRUGS ON CANCER CELLS,"In this one-week workshop, you will examine cancer cells treated with anti-mitotic cancer drugs using different molecular and cell biology experimental techniques. Through a series of experiments, you will appreciate how various scientific hypotheses are developed and how experiments are designed to address these hypotheses. In addition, you will understand the mechanism on how anti-mitotic treatments affect cancer cells' viability in cancer therapy. Furthermore, you will develop skills in data acquisition and analysis, scientific communication in terms of oral presentation and report writing."
BS4014 - MOLECULAR BASIS OF DISEASES,"This course aims to introduce the concepts behind molecular-level mechanistic analysis of chronic illnesses like cancer, and infectious, neurological and metabolic diseases. In this course, you will develop knowledge and problem solving skills related to drug discovery."
BS3201 - INTELLECTUAL PROPERTY RIGHTS REL TO BIOBUSINESS & THEIR APPN,"This course aims to provide an introduction to intellectual property, in particular, those that are related to BioBusiness, including patents, trademarks, and trade secrets. It also aims to cover aspects of Patenting in greater details, e.g. the rules of a patent, how to apply for a patent, what is the timeline of the patent, how to search into patent database or how to make profit or market your invention, will be covered. The course will further expose you to other tools like freedom to operate and licensing, compare the legislative differences with respect to Intellectual Property in different regions of the world, and facilitate you to consider the implications of these in terms of practice through association with other courses where Intellectual Property Rights need to be considered."
HP1000 - INTRODUCTION TO PSYCHOLOGY,"This course is an introductory overview of fundamental areas in the contemporary study of psychology. Topics include the biological bases of behaviour, sensation and perception, memory, thought and language, social behaviour, intelligence, motivation, learning, personality and development."
HP1100 - FUNDAMENTALS OF SOCIAL SCIENCE RESEARCH,"This is an introductory course to the research methods and basic statistical techniques commonly used in psychology research. Students will be introduced to the process of scientific inquiry in psychology, both in terms of empirical research methodology and statistical analysis. The course is divided into lectures and tutorials. The lectures will focus on conceptual issues and cover the content materials that students need to understand to actually design any psychological study and work with any data. The tutorials will be dedicated to more in-depth discussions of some of the topics covered in the lectures, and practical experience with data analysis using SPSS"
HP2200 - BIOLOGICAL PSYCHOLOGY,"The main objective of psychology is to understand how our minds work and apply it to issues in reality. The aim of this course is to gain the basic knowledge of biological mechanisms underlying our minds and to associate it with human abilities such as perceiving and recognizing objects, moving our limbs, and inferring other's mental states. Throughout this course, you will benefit from learning the structure and function of our nervous system. Moreover, this course provides training on interdisciplinary synthesis and disciplinary depth. This course is in deep connection with other key courses of the program such as Introduction to Psychology, Cognitive Psychology, Social Cognition, Developmental Psychology, and Human Motivation. The course complements these courses by understanding the contents in these courses in biological perspective."
HP2500 - PERSONALITY & INDIVIDUAL DIFFERENCES,"The study of human personality is central to psychology. This subject surveys the major approaches, covering classical and contemporary themes, such as psychodynamic theories, behavioural models, humanistic theories, trait theories, social learning theories and personality perspectives indigenous to cultures in Asia."
HP3003 - THE PSYCHOLOGY OF EVERYDAY DESIGN,"The course aims to teach psychological knowledge about human performance and how to apply the knowledge to the design of human-technological systems. It spans psychophysics, cognitive psychology, ergonomics, human-computer interaction, and engineering design. It covers core concepts in memory, attention, learning, problem-solving, human error, and information theory. It also teaches methods and techniques for the design and evaluation of everyday human-technological interfaces. This course is in deep connection with other key courses of the program such as Introduction to Psychology, Fundamentals of Social Science Research, and Cognitive Psychology."
HP3101 - APPLIED STATISTICAL METHODS FOR PSYCHOLOGICAL RESEARCH,"This is an intermediate level course in statistics for psychological research. The general focus of the course will be on advanced topics in analysis of variance (higher-order between-subjects design, repeated-measures design, split-plot design, Latin-square design, cross-over design, etc.) and regression analysis (polynomial regression, moderation analysis, and residual analysis)."
HP3201 - EVOLUTIONARY PSYCHOLOGY,"Designed for students interested in evolutionary theory and how it is applied to psychology, this course aims to explore how human behavior and our minds have adaptive function. You will learn the basics of evolutionary theory, the concept of adaptation, and the problems of variation. The course will cover methods of applying evolutionary theory to psychology, going through evolutionary accounts of human behavior, sociality, development, cognition, and mental illness. The course applies to students seeking stronger theoretical background in psychology, supporting careers in both application and research of psychology."
HP3204 - AN APE'S GUIDE TO HUMAN LANGUAGE,"This course is an introduction to psycholinguistics. It uses comparative physiology, animal behavior, and neuroscience, as way of framing the question ?What makes us human??"
HP3205 - ANIMAL BEHAVIOR,"Designed for students interested in the scientific study of behavior, this course presents an integrative approach to studying the mechanisms and function of animal behavior. It also provides you with a basis for understanding how research on behavior is conducted, and how studies of animals contribute to behavioral science. You will learn about the integrative approach to studying behavior, exploring the contributions that development, genetics, neurology, and physiology have on behavior. You will cover approaches examining the evolutionary function of behavior, and will be exposed to studies on animal communication and sociality. You will also learn the relevance of animal studies in better clarifying the mechanisms of human behavior."
HP3303 - GEROPSYCHOLOGY,This course aims to: 1. equip students with foundational theories in and applications of geropsychology. 2. enable students to address public geropsychological issues via digital media advocacy. 3. enhance students' awareness of personal beliefs and attitudes towards geropsychological issues.
HP3502 - PSYCHOLOGY OF EMOTION,"Emotion science is a key area of research that spans many subdisciplines in psychology. This course will introduce core theoretical perspectives, methodological approaches, and empirical findings on the scientific study of emotions. Topics will include what emotions are, what they are for, how they develop across the life span, and their roles in other psychological processes, such as cognition, personality, and psychopathology. This course aims to develop an appreciation of the intricacies of emotional experiences, and its applicability across different areas of psychology."
HP3702 - CHILD PSYCHOPATHOLOGY,"The purpose of this course is to introduce students to the rapidly expanding field of child psychopathology. The course aims for students to consider the complexity of child development and mal-development, using the science of developmental psychopathology to appreciate their relevance to everyday life. This course is suitable for students interested in obtaining an introduction and survey of the various childhood disorders as described in the Diagnostic and Statistical Manual of Mental Disorders, 5th Edition (DSM5)."
HP3708 - BIOPSYCHOSOCIAL CRIMINOLOGY,"This course provides an introduction to psychological perspectives on criminal and antisocial behavior. It will also incorporate knowledge from interdisciplinary areas to examine the interplay between psychological,social, and biological factors in predisposing to crime and violence. Different developmental trajectories and forms of crime and criminals will be discussed. Throughout the course, we will also attempt to bridge the basic science of criminal behavior with the real world through case studies and discussion of the implications of psychological and criminological research for the criminal justice system. The content of this course deals with the developmental, neuroscience, clinical, social, and cognitive subdivisions of psychology."
HP3901 - CULTURAL PSYCHOLOGY,"Culture, sub-culture and ethnic group membership affect behaviour in a variety of ways. This course introduces students to theories of, and research in, the influence of culture upon basic psychological processes, such as cognition, the conceptualization of self, and developmental processes."
HP4063 - RESEARCH LAB IN LANGUAGE IN PERCEPTION & THOUGHT,"Does the language we speak influence other aspects of cognition and perception? This class will introduce you to the Whorfian Hypothesis about the relationship between language and thought, and how to conduct experimental tests using the neo-Whorfian approach and techniques from psycholinguistics. In the first half of the class, you will take part in a number of quick-fire experiments, to build up an experimental `tool kit' of techniques. We will review current evidence about the influence of different linguistic features on different domains of cognition and perception (e.g., categorization, spatial cognition, numerical cognition, colour perception, audition, and cross-modal perception). For each domain, we will investigate how the published literature relates to language in Singapore, and identify gaps in the existing literature. Interactions between language and the mind in extreme scenarios (e.g., language deprivation) will also be addressed. In the second half of the course, you will identify a research gap, formulate detailed a hypothesis, preregister a study, and conduct a data collection exercise for presentation in the class Symposium - a poster session held in the final week of term. The lab-based class provides an in-depth experience of the research cycle from identification of knowledge gaps to hypothesis formation, data collection and research presentation, with a focus on 21st century research skills such as power analysis & preregistration. This class will provide valuable insights for students with an interest in cross-cultural differences, psycholinguistics, education, or philosophy of mind. Students planning on conducting psychological research in the future will benefit from hands on experience of current best practice in the research cycle."
HP4102 - TRAUMA PSYCHOLOGY & CRISIS MANAGEMENT,The course covers concepts of emergency behaviour and psychological trauma arising from disasters and crises. Due emphasis will be given to the development of psychological resilience and coping strategies. A fair proportion of the course will be devoted to practical learning of crisis intervention and management skills to address the mental health issues and traumatic effects on victims of crises.
HP4103 - FORENSIC & CRIMINAL PSYCHOLOGY,"The purpose of this professional applied module is to provide you as student with an introduction to the forensic psychology of crime and terrorism. This course will benefit you if you have an interest in working with the police, prisons, military security, probations, child protection, the courts and community forensic psychology as a psychologist, counsellor, case manager or a law enforcer or safety officer. The slant of this course will be towards forensic-law enforcement, rather than forensic-clinical or forensic-mental health issues. This means that the focus on crime-mental health issues will be limited, and there will be a focus on law enforcement and crime prevention, investigation, crime profiling and analysis. This course will provide you with a realistic preview of the work of a psychologist working in applied forensic law enforcement contexts, because there will be a field visit and a talk by a law enforcement professional. Actual Singaporean and international case studies will be presented. Projects will be based on real-world problems and solutions that will also require practical considerations (e.g. budgeting, planning, and so on in addition to crime prevention factors). For those intending to become professional law enforcers (e.g. police or prisons officers), this course will provide you with the theoretical and conceptual foundations relating to crime analysis and crime prevention."
HP4107 - INDUSTRIAL-ORGANISATIONAL PSYCHOLOGY IN PRACTICE,"This applied module aims to introduce you to the theories and practices of Industrial and Organisational Psychology (Occupational Psychology) as applied to individuals at work and to organisations. Students who have an interest in applying psychology to work settings will be exposed to a scope of topics that are relevant to the practice in both private and public sectors. The course aims to develop students? theoretical understanding as well as knowledge of the practical tools and solutions that are applied in the IO practice. The contextual learning is to help students understand the consulting cycle and stakeholder engagements unique to the IO practice. The intention is to provide the students a fairly comprehensive primer to what they may expect in further education and a career in the IO specialisation. The course will have a strong emphasis on applied skills. Each seminar will be structured such that students are exposed less to the theories of I/O Psychology and more to how they are practiced within organisations. This will include exposure to best guidelines as set by standard-setting bodies, commercial products and solutions commonly used in industry, and case studies to discuss the ethics of psychological societies of different nations."
HP4108 - PSYCHOLOGICAL THERAPIES & COUNSELLING,"This course aims to introduce micro-counselling skills and provide a practical and research-based introduction to the major psychological therapies. Psychological therapies covered in this course include cognitive behavioural therapy, dialectical behaviour therapy, acceptance and commitment therapy, and psychodynamic therapy. The course provides hands-on experience in specific therapeutic techniques and practice in developing treatment formulations for clinical cases."
HP4201 - SEMINAR IN SELECTED TOPICS: TECHNOLOGY & SOCIAL BEHAVIOUR,"This course will cover a number of topics such as social interactions in massive multiplayer online games, cultural differences in on-line communities, psychology of virtual humans, intelligent agents with social skills, and impact of social networking technology on inter-personal relationships and well-being. Students will be asked to critically evaluate the research in this field and develop their own research ideas."
HP4242 - ADVANCED TOPICS IN SOCIAL COGNITION,"Research on social cognitive processes and the associated research methods have contributed much to social psychology?s advancement as a field. This seminar aims to identify some major recent developments in social cognition research. Some of such developments address old questions with new perspectives, whereas other developments ask new questions that provide new understanding to social cognition. This course is designed for advanced undergraduate students who would like a critical reading of the latest empirical research in social cognition. As a student of this course, you will learn how to critically read the empirical literature and gain more in-depth understanding of the latest research in social cognition."
HP4261 - SEMINAR IN PERCEPTUAL & COGNITIVE NEUROSCIENCES,"This course provides students with an advanced introduction to empirical findings, methods, and theoretical perspectives, in the field of perceptual and cognitive neurosciences. The course focuses heavily on discussion of the major findings and the theoretical positions that drive current research in topics including perception, attention, memory, and others. Research findings will be discussed in the context of both modern theories and the theoretical positions from which they originate."
HP4262 - MULTISENSORY INTEGRATION,This course introduces multisensory integration at a more advanced level. 1. Visual perception and visual neuroscience (Wk 1-7) 2. Auditory perception and auditory neuroscience (Wk 8-11) 3. Visual Auditory Integration (Wk 12-13)
"HP4274 - THE LAST DANCE: PERSPECTIVES OF DEATH, DYING & BEREAVEMENT","The study of death and dying is concerned with questions that are rooted at the core of human experience. Individuals who set out to increase their knowledge of mortality are embarking on life's most important exploration, a journey of personal discovery and spiritual awakening. Whilst acknowledging the finite nature of existence allows individuals to reflect upon the meaning of life to attend greater personhood, mortality also plays a pivotal role in defining cultural beliefs, family values and social structures. This course provides an interdisciplinary overview of the major psycho-socio-cultural perspectives, theories and clinical practices on death and dying from a global viewpoint with a critical focus on the Asian experience. Through interactive lectures, experiential workshops and creative group projects, students will be offered an opportunity to examine the psychological, socio-spiritual, ethical and political issues of mortality through a range of cultural lenses. Such exploration will facilitate insights, reflections and personal growth for enhancing students' capacity in dealing with the inevitability of morality, while equipping them with the core intellectual skills and values for living a meaningful and purposeful life."
HP4281 - SEMINAR IN SELECTED TOPICS: PSYCHOLOGY OF LEADERSHIP,"This course provides you with a theory-based, integrative, hands-on, practical view of leadership from individual and organizational perspectives. This course will introduce you the skills to apply a working knowledge of leadership models and theories, personality, and values in leadership situations from a leader or manager perspective to organisational practice and research. You will distil useful and practical concepts from each theory, which will be reinforced with individual interactive on-line activities, self-assessments and case study discussions designed to highlight practical application and personal skills and leadership styles."
AB0602 - COMMUNICATION MANAGEMENT STRATEGIES,"The purpose of this course is to prepare you for the communication challenges that you are likely to meet in rapidly evolving global business environments. It will help you to present yourself confidently and professionally in the way you speak, write and participate in your chosen profession. AB0602 is designed to build on the communication theory, strategies and skills learnt in AB0601. Theory provides a conceptual framework that guides strategy and skills. Strategy allows communicators to make intelligent choices about content, organisation, style, tone, delivery, and timing of messages. Skills are needed to craft effective written documents, give constructive feedback, and create as well as deliver persuasive business presentations. In addition, this course also offers you the opportunity to acquire an understanding of the method of Principled Negotiation developed at the Harvard Negotiation Project. You will gain hands-on experience in negotiation through engagement in negotiation simulations."
AB0603 - SOCIAL ENTREPRENEURSHIP,"This course introduces you to cutting-edge concepts, frameworks and practices that are current in social entrepreneurship, as well as critical issues in business ethics as a knowledge foundation for analysing and practicing social entrepreneurship. The course considers how social entrepreneurship plays out in organizations ranging from conventional companies seeking to adopt corporate social responsibility practices to double-bottom-line businesses and social enterprises. The course specifies strategic and implementation tensions inherent in aligning business and social/environmental values, and provides frameworks with which to analyse and resolve the tensions at play.This course trains you into a quasi-expert of social entrepreneurship by enabling them to apply frameworks to making tough decisions in real business contexts. The course includes four modules: strategic corporate social responsibility (SCSR); double-bottom-line business (DBL), social enterprise (SE) and business ethics (BE). It begins by analysing and making decisions on the cases of conventional companies conducting social innovation initiatives through SCSR and DBL. We will then move to explore the cases of social enterprises. You will observe both the common and distinctive challenges facing conventional companies and social enterprises. The modules of SCSR, DBL and SE will be followed by an Entrepreneur Panel where social entrepreneurs introduce their initiatives and engage in a highly interactive conversation with students. The course will finish by taking a look at business ethics theories and issues that provide analytical depth and clarification to your understanding of social entrepreneurship."
AD2101 - MANAGEMENT ACCOUNTING,"This course covers the strategic nature and relevance of managerial accounting for today?s competitive business environment. The course adopts a unique user-perspective and emphasis is placed on the development of problem-solving and decision-making skills. Hence the course focuses on the use of essential managerial accounting tools and techniques to provide managerial accounting information for planning and control and to support effective economic decisions. The course also exposes students to real-life scenarios and gives students an opportunity to integrate theories to business practice. The course aims to equip students with analytical skills for problem solving and managerial skills for decision making. After the completion of this course, students should be equipped with a strong conceptual and technical knowledge in managerial accounting. Students should understand and appreciate how managerial accounting information support organizational planning and control, and day-to-day decision making."
"BE2601 - MANAGEMENT PRINCIPLES, SKILLS & COMPETENCIES","Management Principles, Skills and Competencies is a comprehensive introductory course on the management process from a manager's perspective, with particular emphasis on the skills, competencies, techniques and knowledge needed to successfully manage an organization. This course explores the basic concepts and processes of management. You will examine the fundamental roles and processes of planning, leading, organizing and controlling that comprise the managers' role. It focuses on the entire organization from both a short and long-term perspective for strategic vision, setting objectives, crafting a strategy and then implementing it. This course will enable you to develop short and long-range plans to effectively accomplish organizational goals. You will develop skills related to the manager's function as required in today's competitive environment. This course examines the logic and working of organizations. It also investigates how organizations develop and maintain competitive advantage within a changing business environment influenced by political, economic, social, technological, legal and environmental [PESTLE] factors. The course content is organized around the four `pillars' of management viz. planning, organizing, leading and control [POLC] for systematic understanding of management-related challenges and applying conceptual tools and techniques in analyzing, evaluating and addressing management issues."
BF2100 - ETHICS IN THE INVESTMENT PROFESSION,"The fairness and transparency is necessary for financial market to be efficient. This should not only be guaranteed by laws and regulations. Practitioners in the industry should comply necessary ethical foundation to make sure that the financial system is functioning well. Individuals with unethical behaviors damage investor trust and impair the capital markets as a whole. Unethical behaviors also have serious personal consequences on individuals themselves, this may range from job loss and reputational damage to fines and jails. This aim of this course is to train students with the basic understanding of the CFA Ethics code. It seeks to increase students? awareness of business ethics and improve their willingness to comply it. It will help students with their future career and contribute to the society. Moreover, it is also a component of the CFA exams. All NBS students with a Banking and Finance (BAF) specialization must complete a CFA Ethics course prior to graduation."
BF2201 - INVESTMENTS,"This is an introductory but demanding course in investments. This course endeavours to provide the basic understanding and tools to conduct portfolio analysis, make investment decisions, and manage portfolios. By the end of this course, students should have a broad understanding of investments and portfolio management. This course covers the analysis of various investment vehicles, allocation of assets, and modern portfolio theory. Students will learn valuation, portfolio construction and evaluation techniques, and apply investment techniques using Excel. Students are expected to review Financial Management. To maximize acquisition of new knowledge, the instructors will not cover overlapping topics with Financial Management, but these topics remain examinable."
BF2206 - WEALTH MANAGEMENT,"The course provides a contemporary study on the subject with an Asian perspective, providing students with a comprehensive understanding of industry-practiced wealth management principles, strategies, and tools, with a specific focus on the unique dynamics and opportunities in the financial landscape. This applied approach to wealth management exposes students to various planning frameworks, macro analysis and value insights from guest lecturers who are industry practitioners. By the end of the course, students will be technically competent and well-equipped to formulate a Wealth Management strategy for themselves. Students looking for a career in Wealth Management/Private banking will find the course content to be immediately applicable."
BF2209 - DERIVATIVE SECURITIES,"This course is an introductory course on financial derivatives and derivatives-linked investments. The derivatives covered include forwards, futures, swaps, and options on different underlying assets like stocks, stock indices, commodities, and foreign exchange. Through this course, students will learn the features of various derivatives and how to price, value (calculate the Profit/Loss) and structure them for investment and risk management. Students will also learn basic and slightly more advance option strategies and how to use them for hedging and trading. They will be able to design arbitrage strategies to take advantage of mispricing in various derivatives. A good understanding of derivatives and its usage/abuses is a prerequisite for effective management of any company as financial risks can cause substantial damage to the P/L of an otherwise well managed firm. Graduates with solid grounding in derivative investments can take up careers as traders, derivatives specialists/advisors, derivatives sales experts, financial engineers and risk managers in treasury departments, trading floors, asset management and risk management divisions in banks and major corporates. On an individual level, understanding of derivatives will help one to appreciate the risk and rewards in the many derivatives-linked investments now increasingly made available to retail investors."
BF2213 - INTRODUCTION TO COMPLIANCE,"This course aims to provide you with a broad understanding of the role of compliance in financial institutions and introduce you to the common issues in the space of regulatory and financial compliance. Course topics include understanding the financial services sector, the role of compliance within financial institutions, the financial regulatory environment and requirements, compliance risks, anti-money laundering risks, and the importance of well-designed and effective control mechanisms. The course will also explore the impact of financial technology (FINTech) and regulatory technology (REGTech) advancements on the compliance landscape. This course is accredited by the Institute of Banking and Finance (IBF) and students who obtain an overall score of B and above will be accredited for IBF's Level 1 Compliance Standards."
BF3201 - CORPORATE FINANCE & STRATEGY,"The course covers fundamental issues of corporate finance, including corporate governance, capital budgeting, capital structure, distribution policies, and working capital management. The course emphasizes financial practices in the real world. The course expands upon the concepts covered in AB1201 Financial Management. We emphasize using EXCEL to conduct computation. The background knowledge is provided through the textbook and lecture notes. By the end of the course, you should have developed a deeper understanding of how corporate financial managers make decisions in the dynamic corporate world and how these decisions impact firm value and stakeholders. The course is intended for students who are interested in pursuing a career in strategic financial decision making, including corporate finance, investment banking, private equity, consulting, etc."
BF3204 - FINANCIAL MODELLING,"This course reviews, advances, and applies the principles taught in prior introductory courses in finance. It takes a hands-on approach and provides students with ample opportunities to apply numerical and statistical analysis, table and graphical presentations, and database analysis. It exclusively uses MS Excel as a main tool for computing and analysis. After the completion of the course, you should be equipped with a strong foundation of finance and quantitative skills. The course benefits students who wish to become a quantitative financial analyst."
BF3207 - ALTERNATIVE INVESTMENTS,"Alternative investments include a wide variety of assets which include hedge funds, private equity, real estate, and commodities. We will start with a review of relevant subjects, such as statistics and portfolio theory. Afterwards, we will go over the various asset classes, focusing on hedge funds, private equity, and real estate. We will consider investment strategies, management structure, and performance measurement. If time permits, we will also discuss more unconventional assets."
CH3104 - BIOCHEMICAL ENGINEERING,"Engineers working in the process industries are making increased use of biological systems for production and environmental management. To set up and optimise these processes, chemical engineers need to understand the fundamentals of biological processes and their applications. This course is designed to teach chemical engineers key aspects associated with biochemical processes, fundamental biology (such as the basic structure and function of cells, enzyme structure and function, and basic molecular biology), and important principles of cell, genetic, and protein engineering."
CH3109 - DECISION TOOLS FOR ENGINEERING BUSINESS,"Making difficult choices in business, manufacturing, finance and engineering domains require mathematical knowledge like statistics, optimization, probability, control and modeling. The course emphasizes applying these mathematical tools to solve engineering/business problems though case study. Course Content 1. Finance math basics 2. Statistics, probability and their application in business/engineering decision 3. Data exploration and data mining 4. Optimization methods for decision making 5. Case study for decision making in engineering business"
"CH3121 - CHEMICAL, BIOLOGICAL & PLANT SAFETY","Toxicology, toxicants release, control and response from biological organisms, industrial hygiene, fire, explosion and prevention, relief and design, risk assessment and investigation, case studies etc."
CH4102 - PROJECT MANAGEMENT FOR ENGINEERS,"This course aims to introduce basic concepts in project management to the engineering students. This equips the engineers to improve their employability in the industry and helps in their career growth. Some of the key concepts such as project integration, scope management, project planning, project budget & cost management, project risks and opportunities, communication and conflict management shall be covered. This module will enable students to define and plan a project with proper understanding of engineers' role."
CH4341 - FUNDAMENTALS OF INTELLECTUAL PROPERTY IN CHEMICAL ENG,"This course provides you with a working understanding on significant intellectual property (IP) protection regimes in Singapore, covering copyright, patents, registered design, trade marks and trade secrets and the relevant legislation and legal principles. The central aim of the course is providing students with the ability to identify, differentiate and apply various aspects of these IP regimes in connection with a business's intellectual asset outputs. Particular emphasis will be placed on the legal issues in relation to creation, protection, and exploitation of these intellectual assets. Within this context, the course explores how analysing IP rights protection laws and their considerations can guide a business's IP strategies, and how a business is able to use such IP considerations to assess the viability of potential courses of action and their plausible business implications. A note on the legal cases that are highlighted in the study units: these cases are for illustrative purposes in relation to the legal principles discussed; in general students are NOT expected to be able to recall them or use them in presenting arguments for assessment purposes."
CH4702 - INDEPENDENT RESEARCH PROJECT 1,"The purpose of independent research project (IRP) is to provide you an opportunity to apply the knowledge you have learnt, your intellectual abilities and practical skills to solving practical chemical engineering problems. These problems may take the form of an investigation or development of processes, products or techniques. The objectives of the project are: 1. To offer you opportunities to demonstrate the competence in laboratory work. 2. To provide platforms for integrating the knowledge gained in various subjects of the degree course. 3. To allow the exercise of the undergraduates' personal qualities such as maturity, initiative and creativity. 4. To apply communication skills, both oral and written, to communicate results, concepts and ideas. 5. To solve problems of a non-routine nature"
CH4703 - INDEPENDENT RESEARCH PROJECT 2,"The purpose of independent research project (IRP) is to provide you an opportunity to apply the knowledge you have learnt, your intellectual abilities and practical skills to solving practical chemical engineering problems. These problems may take the form of an investigation or development of processes, products or techniques. The objectives of the project are: 1. To offer you opportunities to demonstrate the competence in laboratory work. 2. To provide platforms for integrating the knowledge gained in various subjects of the degree course. 3. To allow the exercise of the undergraduates' personal qualities such as maturity, initiative and creativity. 4. To apply communication skills, both oral and written, to communicate results, concepts and ideas. 5. To solve problems of a non-routine nature"
CH4801 - FINAL YEAR DESIGN PROJECT,"Students are introduced to the application of chemical and biomolecular engineering principles in chemical design. The projects will include feasibility study, chemical engineering calculations, simulation and modeling of chemical unit operations, process flow chart. Topics include: Introduction to chemical product design; Projects in chemical product design; Introduction to chemical process design; Molecular structure design; Process Creation and Synthesis; Development of Base-Case and Flow Diagrams; Introduction to Simulation software; Heuristics for Process Synthesis; Reactor Design; Synthesis of Separation Trains; Heat and Power Integration; Pinch Analysis; Projects in Process Synthesis. Students are also introduced to the concepts and methods of plant design and economic evaluation: planning, cost estimation, fixed capital investments, working capital, production costs, depreciation, rate of return, profitability analysis, discounted cash flow analysis. The course also covers computer-aided design, cost estimation, interest and investment costs, profitability analysis, design and cost estimation of equipment, detailed process synthesis and sustainability. The course aims to raise the awareness of the students to the concepts of supply and demand of raw materials, commodity, and specialty chemicals. Introduce the students to the available computational tools for process flow design and economic evaluation. The emphasis is in motivating students to learn, undertake and manage projects as a team to its successful completion and to write good technical reports. The importance of professional ethics, honesty, and integrity will be stressed."
CH5222 - FUTURE FOODS - INTRODUCTION TO ADVANCED MEAT ALTERNATIVES,"The course aims to equip you with knowledge of the rapidly growing and innovative field of alternative proteins which is developing advanced replacements for traditional meat products. You will gain an understanding of the core scientific principles and three main technologies in the field - cultivated meat, plant-based meat and fermentation. As part of the course, you will develop a research proposal to address a real-world challenge facing the industry. This course is designed for students with a background in biochemistry who are interested in this emerging, fast-growing industry that aims to mitigate issues of climate change, food safety, health and welfare challenges currently facing humanity."
CM4043 - MOLECULAR MODELLING:PRINCIPLES & APPLICATIONS,The teaching content of this course includes two parts: 1) to learn Python programming and its applications in numerical simulations in chemical science; 2) to learn basic computational chemistry and its applications with ab initio software. Content of the first part aims to build your strength in solving chemical problems with home-made computation program. Content of the second part aims to train students to be able to study organic chemistry related problems by using computational software
CM4044 - ARTIFICIAL INTELLIGENCE IN CHEMISTRY,"This course aims to equip you with working knowledge of how artificial intelligence (AI) can be applied to chemistry. As a start, you will learn the rigorous way to construct Python projects for AI. Next, you will learn how to apply AI to analyze chemical data, either for visualization, classification, quantitative determination, or for pursuing insights into chemical process. We will introduce multiple case studies and analyze how AI has impacted the various sub-disciplines of chemistry. The course will improve your communication skills by requiring you to deliver technical presentations to a broad audience. As a result of this course, you will develop the necessary skills to prepare yourself for a career that involves harnessing AI for research and industry applications."
CM4062 - POLYMER CHEMISTRY,"This course aims to develop an understanding of the fundamentals in polymer science covering: 1. The synthesis and characterisation of polymers, introducing students to polymers, their synthesis and reaction mechanism. 2. The relation between chemical structure, polymer morphology and physico-chemical properties, providing the students with an understanding of polymer behaviour in the solid and solution state, as well as characterisation techniques commonly used in polymer science. It will prepare you for a job in industries where polymer chemistry knowledge is required - from oils, paints and coatings, to food, cleaning agents and cosmetics, to medical, agricultural and aerospace technologies. This course is also great preparation for a PhD and a career in chemistry research"
HA3010 - MASS MEDIA & PUBLIC POLICY,"This course explores the relationship between the mass media and public policy with a focus on the Singapore media systems and politics. It discusses the role of mass media in politics and public policy making, introduces the organization and operation of contemporary mass media, and investigates the effects of public policies on the mass media with a special focus on the media regulation policy of media structures and programming, especially in Singapore."
HC3003 - SOUTHEAST ASIAN CHINESE,"The course traces the factors leading to the migration of Chinese to Southeast Asia in the 19th century. It also examines their economic, cultural and political activities and contributions in the 20th century. Discussion includes such important issues as local anti-Chinese movements, development of Chinese education, changing consciousness and identities, and the relations between Southeast Asian Chinese and China."
HE1004 - MATHEMATICS FOR ECONOMISTS,"This course is designed for students who do not have the necessary background in mathematics. Students will be taught mathematical techniques that are useful for economic analysis at both the elementary and the intermediate level. Topics covered include functions, derivatives and partial derivatives, optimization with or without constraints, integration, simple differential equations and simple difference equations, matrix algebra."
HE2003 - ECONOMETRICS I,"Discussions of different estimations of the econometric models, their tests and their applications. Topics include the Simple Linear Regression Model, Generalized Linear Regression Models, Dummy variable models, dynamic models and introductory time series models. For each topic, illustrative examples will be employed during the lectures and tutorials."
HE2010 - DEVELOPMENT ECONOMICS,"This course will focus on microeconomic analysis of issues in developing countries. The main question will be: what can be done to help the world's poor to improve their wellbeing? Through this course, you will gain a basic understanding of development economics in topics such as poverty, health, education, and governance. You will also have the opportunity to connect these theoretical ideas to real world issues."
HE2011 - LABOUR ECONOMICS & LABOUR RELATIONS,"It covers the determination of labor market demand and supply, wage determination, wage differentials, human capital investment, migration and discrimination, as well as unemployment and labor policies."
HE2015 - MACROECONOMIC ISSUES & POLICIES IN CONTEMPORARY CHINA,"This course aims to understand the sources of China?s economic growth, the constraints and challenges facing China?s economy, and China?s economic impact to the rest of world, using principle of economics and focusing on pertinent macroeconomic issues and policies."
HE2021 - PUBLIC ECONOMICS,"This course aims to study the role of government in addressing market failures, within social domains such as education, healthcare, and retirement financing, through policies like taxation and subsidies. The course is for students interested in topics such as taxation, education, healthcare financing, government budgets, economic efficiency, and equity. The course prepares you for a career in government (e.g. Ministry of Finance, Central Provident Fund), private sector (policy think tanks and consultancies addressing and advising on market failures), and academia."
HE3001 - MICROECONOMICS III,"In HE1001 Microeconomics I and HE2001 Microeconomics II, we have covered the core tenets of decision making by firms and individuals, and how perfect competition translates this into efficient outcomes under specific conditions. The main aim of this course is to extend our framework to contexts with less than ?perfect? settings. We will first study the basics of game theory, analysing strategic interactions between small numbers of agents and discuss its applications. Subsequently, we will study various kinds of market frictions and how they can lead to sub-optimal outcomes in the market, covering possible solutions. This will include classical ones like asymmetric information, classical externalities and common access and also newer ones like information technology. Lastly, we will also introduce behavioural economics and how social and psychological elements can be applied to traditional topics in Economics."
HE3002 - MACROECONOMICS III,This course aims to provide students a broad picture on the pattern of economic growth and development both over time and across countries in the world. It also plans to equip the students with the necessary theoretical tools to understand a set of seminal works and workhorse models in the literature that attempt to understand the empirical pattern.
HE3004 - MATHEMATICS FOR ECONOMISTS II,"Introductory and intermediate economics courses (Microeconomics and Macroeconomics) heavily use intuition and graphs to analyze economic issues. An alternative (complementary) approach is the use of mathematics (mainly calculus and linear algebra) to derive more clear-cut conclusions. In Microeconomics applications, you will learn to perform optimization exercises for various decision makers (consumers, producers, etc.), and perform comparative statics analysis. In Macroeconomics applications, you will learn to use functions to represent the various sectors of the economy and combine calculus with linear algebra techniques to analyze and compare the effectiveness of fiscal and monetary policies. In the second part of the course you will be introduced to the concept of economic dynamics and the use of differential and difference equations in analyzing the dynamic stability of economic systems."
HE3005 - ENVIRONMENTAL ECONOMICS,"This course covers the valuation of environmental quality, assessment of environmental damages. Analytical tools needed for the evaluation of projects which affects the environment such as cost-benefit analysis, and environment impact analysis will also be presented. Further topics will include aspects of sustainable development, the problems associated with natural resource management, and select topics on international environmental issues as in global warming and climate change, and transboundary pollution."
HE3010 - MONEY & BANKING,"This course offers a systematic analysis of monetary theories and the financial system. Apart from exposing you to different approaches in monetary analysis, the course places a special emphasis on the up-to-date analysis of how costs affect financial structure and monetary policy. The course will cover the structure and importance of the financial system, the functions of money, behavior of interest rates, financial structure and asymmetric information, bank management and regulation, debates on macroeconomic and monetary policies, the targets and instruments of monetary policies, the transmission mechanism of monetary policy and its effectiveness, money and inflation, rational expectations and its applications."
HE3021 - DEVELOPMENT ECONOMICS,"This course will focus on microeconomic analysis of issues in developing countries. The main question will be: what can be done to help the world's poor to improve their wellbeing? Through this course, you will gain a basic understanding of development economics in topics such as poverty, health, education, and governance. You will also have the opportunity to connect these theoretical ideas to real world issues."
HE3022 - PUBLIC ECONOMICS,"This course aims to study the role of government in addressing market failures, within social domains such as education, healthcare, and retirement financing, through policies like taxation and subsidies. The course is for students interested in topics such as taxation, education, healthcare financing, government budgets, economic efficiency, and equity. The course prepares you for a career in government (e.g. Ministry of Finance, Central Provident Fund), private sector (policy think tanks and consultancies addressing and advising on market failures), and academia."
HE3023 - LABOUR ECONOMICS,"It covers the determination of labor market demand and supply, wage determination, wage differentials, human capital investment, migration and discrimination, as well as unemployment and labor policies."
HE3024 - ENVIRONMENTAL ECONOMICS,"This course covers the valuation of environmental quality, assessment of environmental damages. Analytical tools needed for the evaluation of projects which affects the environment such as cost-benefit analysis, and environment impact analysis will also be presented. Further topics will include aspects of sustainable development, the problems associated with natural resource management, and select topics on international environmental issues as in global warming and climate change, and transboundary pollution."
HE3027 - HOUSING ECONOMICS,This module introduces how housing markets function. It provides both theoretical foundations and empirical analyses on important issues in housing and urban economics. Candidates will learn about the existing issues in housing markets and will be able to evaluate how various interventions are employed by government to mitigate these issues at the end of the course. Students who wants an introduction to housing and real estate economics should take this course.
HE3031 - INDUSTRIAL ORGANIZATION & BUSINESS STRATEGIES,"In this course, you will learn how to describe and analyze how the structure of markets, determine market outcomes through the conduct of firms and strategic interactions between businesses. Our analysis is conducted, primarily but not exclusively, from the perspectives of microeconomic principles and game theory. Theory is in turn complemented by case-based, empirical, or experimental evidence. The course applies economic reasoning to the analysis of topics such as market clearing, price discrimination, oligopolistic competition, collusion, competitive strategies, and product differentiation. It is designed for students with a background in microeconomic principles and a passion for applying fundamental knowledge to real business problems in rigorous and relevant ways. It is suitable for students who wish to pursue further studies in economics or a career in business, consulting, investment banking, or government."
HE3032 - GAME THEORY,"This is an intermediate level game theory course. The basic concepts of games are discussed in a rigorous manner. Examples are introduced to help students understand the basic concepts and their applications. The prerequisites for taking this course include elementary economic theory, A-level mathematics and elementary calculus."
HE3033 - THE CHINESE ECONOMY,Major topics include: (1) a background introduction to China?s economy and its economic reforms; (2) fundamental economic institutions; the current economic structure; industrial policies; (3) macroeconomic policies; (4) growth patterns and trends.
HE3111 - MONETARY ECONOMICS,"The course will start with a simple model of money, the overlapping generations model where money is a store of value. The fundamentals of the demand for fiat money, inflation, the demand deposit, bank runs and the role of central banking are examined. Then, we will study money interaction with other financial assets and the real effects of money on output and national account."
HE3125 - ECONOMICS OF MENTAL HEALTH & WELL-BEING,"Surveys in many countries conducted over decades show that, on average, people's happiness and life satisfaction have not changed much over the last fifty years, despite large increase in real income per capita for many countries. In other words, people are not getting any happier or feeling more satisfied with life even when the whole country is becoming richer than it has been in the past. What explains this missing link between economic growth and happiness? If economic growth does not lead to an increase in people's general sense of wellbeing, then what does? This module aims to provide an overview of the new science of well-being and its link with economic decisions. It will explore the idea of well-being as an alternative measure of success at the individual level, at the organisational level, and at the country level. It will investigate how well-being is typically measured, and what their main determinants usually are across different countries and time periods. It will also explore the practical implications of wellbeing in the workplace, and how we can use it in cost-benefit analysis and in policy design. Other topics to be discussed include whether money buys happiness; and if so, how much does it buy? What are the key ingredients to a happy workplace? What are the links between wellbeing and productivity? How does wellbeing linked to choices, and do people always make the right choice for themselves? What future behaviours can happiness today predict? What predicts wellbeing from birth to old age? Why should policy makers care more about enhancing people's wellbeing than simply boosting profits and economic growth? The goal is to broaden students' understanding of what factors determine individual's subjective experiences, and to learn how this knowledge can be applied in business and policy settings. Students who have special interests in behavioural economics, public policy, and innovative businesses with human well-being at the core of the firm?s strategies should take this module. People with a background in the economics of mental health and well-being have found jobs working for the government and NGOs, creating a start-up company that caters directly to improving their clients' well-being, and working in academia."
HE3601 - MATHEMATICAL ECONOMICS,"Introductory and intermediate economics courses (Microeconomics and Macroeconomics) heavily use intuition and graphs to analyze economic issues. An alternative (complementary) approach is the use of mathematics (mainly calculus and linear algebra) to derive more clear-cut conclusions. In Microeconomics applications, you will learn to perform optimization exercises for various decision makers (consumers, producers, etc.), and perform comparative statics analysis. In Macroeconomics applications, you will learn to use functions to represent the various sectors of the economy and combine calculus with linear algebra techniques to analyze and compare the effectiveness of fiscal and monetary policies. In the second part of the course you will be introduced to the concept of economic dynamics and the use of differential and difference equations in analyzing the dynamic stability of economic systems."
HE3602 - GAME THEORY,"This is an intermediate level game theory course. The basic concepts of games are discussed in a rigorous manner. Examples are introduced to help students understand the basic concepts and their applications. The prerequisites for taking this course include elementary economic theory, A-level mathematics and elementary calculus."
HE3603 - THE CHINESE ECONOMY,Major topics include: (1) a background introduction to China's economy and its economic reforms; (2) fundamental economic institutions; the current economic structure; industrial policies; (3) macroeconomic policies; (4) growth patterns and trends.
HE4001 - ADVANCED MICROECONOMICS,"The course examines the microeconomics and welfare foundation of public economic policy. The course begins with an introduction of basic concepts such as Pareto optimality, social choice, externality and second best. Then, we will discuss the appropriate ultimate objectives in public policy, the attainment and impediments to Pareto optimality, ways to solve the paradox of social choice, incentive compatibility in preference revelation for public goods, the dilemma of second best, the tradeoff between efficiency and equality and the optimal level of public spending; while taking into account related issues like environmental quality, relative income effects, and recent results in happiness studies."
HE4003 - ADVANCED INTERNATIONAL FINANCE,"The aim of the course is to develop a coherent modern analytical framework for thinking about all of the fundamental problem in international finance (also known as international macroeconomics or open-economy macroeconomics). The course deals with many questions that are central to today?s policy world such as current accounts, government budget deficits, speculative attacks and the implications of the expanding global markets for foreign assets."
HE4040 - BEHAVIORAL ECONOMICS,"The above figure depicts the Moller Franz illusion. The lengths of the three lateral lines above appear to be different, although they are of the same length. The cognitive function of our brain tricks us into thinking that they are different. Behavioral Economics studies how psychological limitations influence economic decision makings. In particular, it focuses on how adding important and more realistic human psychological attributes, which include: 1. Bounded rationality; Why people sometimes make seemingly irrational decisions such as taking more risks when they experience losses and being more risk-averse when they experience gains? 2. Bounded willpower; Why people often have difficulties in carrying out activities and actions that they had already earlier planned? For example, often, people desire to save more for retirement but unable to commit to doing so because they face the temptation to spend their money now. 3. Bounded self-interest; Why are people not entirely selfish as assumed in the standard economics analysis? They often are willing to sacrifice their monetary payoffs to uphold fairness and (or) to help unfortunate others. Thus, economics agents are not solely motivated by individual utility maximization. All these attributes can have profound impacts on the predictions of the standard economic models and the way we craft economic and social policies."
HE4044 - GROWTH THEORY & EMPIRICS,"The Solow Growth Model and the Ramsey Growth Model will be presented, followed by variations and extensions with product variety, product quality, technology diffusion, and human capital. Selected topics on income inequality, social mobility, institution, natural resources, unemployment, migration, finance, and others in relation to growth theory will be examined. Recent empirical studies on economic growth will be discussed and assessed."
HE4140 - EXPERIMENTAL ECONOMICS,"This course introduces the methodology of experimental economics and its application to specific topics. The main themes are: 1. Designing economic experiments 2. Conducting economic experiments 3. Analysing experimental data 4. Applications to time preferences, risk preferences, and social preferences"
HG1001 - MIND & MEANING,"In this course, you will be introduced to the uniqueness of human language as a communication system. You will examine how language is learnt and the way our mind stores meaning and organizes information. The topics you will cover include animal communication, biological foundation of human language, language acquisition, sign language and deaf studies, language impairment, word formation and the study of meaning. Your understanding of these concepts will be reinforced with examples taken from a wide range of languages and both cross linguistic and interdisciplinary perspectives from psychology, sociology, computer science and communication studies."
HG2020 - LANGUAGE IN SOCIETY,"Topics covered include: approaches to the study of language in its social context; linguistic diversity and societal multilingualism; language planning and policy (with special focus on Singapore); the role of language in social stereotypes and identity; social norms and language choice; speech communities and social networks; the effect of social factors on language variation; and the linguistic consequences of language contact, with particular emphasis on contact languages (pidgins and creoles) and codeswitching."
HL1001 - INTRODUCTION TO THE STUDY OF LITERATURE,"This course is an introduction to the study of literature at tertiary level that develops your critical reading and writing skills. You will learn to pay careful attention to questions of form, style and context while being introduced to a wide range of genres and traditions. You will be introduced to the subject-specific conventions of academic writing and learn how to develop compelling arguments supported by textual evidence."
HP4031 - LABORATORY IN DEVELOPMENTAL PSYCHOLOGY,"In this laboratory course, students will be introduced to some common research methodology used in Developmental Psychology, as well as some specific research paradigms and methods for infants, children, adolescents, and senior adults. In addition, students will gain hands-on practical experience in recruiting participants, collecting data via observation, survey, and experimental design, analyzing data, writing up a research paper, and presenting the finding."
HP4041 - LABORATORY IN SOCIAL PSYCHOLOGY,"Throughout the course, students will work towards becoming a competent social psychology researcher, both in evaluating and in conducting empirical research in the area of social psychology. Specifically, students will be introduced to both qualitative and quantitative research methods used in empirical enquiries in social psychology through readings, discussions, and project work."
HP4061 - LABORATORY IN COGNITIVE PSYCHOLOGY,"In this laboratory course, students will be introduced to common research paradigms and methods used in Cognitive Psychology. The course will have a specific applied focus in which students will gain hands-on practical experience in gathering data using classical paradigms, analyzing the data using appropriate statistical technique, writing up, and presenting a research paper. In addition, students will also be introduced to research methods and analyses in the key cognitive psychology areas of perception, attention, memory, and reasoning."
HP4081 - LABORATORY IN INDUSTRIAL & ORGANIZATIONAL PSYCHOLOGY,"Industrial and organizational psychology is the scientific study of human behavior in the workplace and applies psychological principles to workplace issues facing individuals, teams, and organizations. The objective of this lab course is to equip you with knowledge and skills in methodology and critical thinking that are needed to conduct independent research in industrial and organizational psychology. The course will cover research methodology commonly used in industrial and organizational psychology. You will gain hands-on experience in developing research questions and testable hypotheses, collecting and analyzing data, writing up a research paper, and presenting the finding. Those who are interested in the field of industrial and organizational psychology or those who are considering career in the field of industrial and organizational psychology may benefit from this course."
HY1001 - INTRODUCTION TO PHILOSOPHY,This course is an introduction to philosophy through the examination of fundamental pilosophical issues. No prior experience with philosophy is assumed. The course is designed to provide you with a foundation for further philosophical inquiry.
HL1002 - SURVEY OF ENGLISH LITERATURE 1,"This course covers over one thousand years of English writing, from Anglo-Saxon to Neoclassical literature. We will focus primarily on the relationship between 'form' and 'history' in seeking to understand this literature, where 'form' refers to a given text's genre or mode (e.g., 'revenge tragedy'), its linguistic and narrative characteristics, and so on, while 'history' means both material and cultural formations as these change through time. While we will engage closely with questions of traditional literary history, we will also consider how more recent ways of reading and thinking about literature'from deconstruction to queer theory' might enrich our understanding of these mostly canonical works. The course will touch upon a number of 'big' themes in English literature, with particular emphasis on the rise of individualism and the impact of the Reformation on early-modern culture and thought."
HL2002 - RENAISSANCE LITERATURE,This course aims to develop a strong foundation of what is arguably the most important historical period in the development of English literature. The materials covered in this course should also encourage you to consider how literary narratives merge with historical discourse to produce meaningful interpretations of English culture in the early modern period.
HL2003 - RESTORATION & EIGHTEENTH CENTURY LITERATURE,"We will study canonical examples of English poetry, drama, and prose fiction written during the period 1660-1800. In order to contextualize these works historically, we will study major developments in England during this period, including evolutions in national identity; challenges to social hierarchies of class, race, and gender; and innovations in literary forms and genres."
HL2004 - SENSIBILITY & ROMANTICISM,"This course explores a variety of primary source material in order to reflect the diversity of print culture between 1740 and 1820. Poetry, fiction, and essays will be examined alongside pedagogical theory, discourses on elocution and aesthetics, and visual art. Throughout the course, we will consider our own experience as readers of eighteenth- and early nineteenth-century texts in relation to reading practice during the period. How did rising literacy rates and innovations in textual production and circulation influence form, genre, and taste?"
HL2008 - SINGAPORE LITERATURE & CULTURE,"This module examines select literary and dramatic/theatre works in the light of the changes in Singapore literature and culture since independence in 1965 to the present, with an emphasis on the 1980s to the 2000s. The central context of the dramatic changes lie in changes in modernization policy in Singapore - in the 1970s, from a 'pragmatic' and culturally philistine modernization that sought to homogenize/standardize culture and the cityscape in the name of economic development, to a 1990s- present modernization that (in contrast) desires Singapore to be a more hip 'global city for the arts' (a 1992 government-policy phrase). The changing contexts are as important as the texts to be examined. Why was the Singapore state not interested in what can be called 'high culture' or 'serious art' in the 1960s & 1970s? The emphasis then appeared to be on culture conceived of as 'racial' and ethnic culture - and such ethnic-cultural identities are effectively transformed by the urban change and state-led social engineering. What sort of literary and other cultural responses were there in relation to the state's policies on culture and racial management in the 1980s? What happened in the state's thinking on culture in the 1990s that led a (supposed move away from a philistinism) to a desire to invest in the arts? How did creative-cultural producers relate to these unexpected changes? Such will be the questions that this module will address."
HL2009 - SOUTHEAST ASIAN LITERATURE & CULTURE,"HL2009 offers you an introduction to the diverse cultures in Southeast Asia through the study of its artistic output. You will study a variety of texts (prose, poetry, drama, and visual arts) from countries such as Philippines, Malaysia, Thailand, Cambodia, and Vietnam; and through them, learn to be conversant with the history and culture of Southeast Asia. This course also aims to equip with the necessary vocabulary to to respond to a range of artistic mediums. HL2009 is a writing-intensive course that focuses on honing your analytical and writing skills: you will be asked to write short responses to the various texts as well as an extended essay, for which you will be given extensive feedback. You will learn to develop coherent critical written arguments about the texts studied."
HL2022 - SOUTH ASIAN LITERATURE,"Over the last few decades, South Asian literature in English has achieved a global prominence that is unique among postcolonial literatures. In this module we will be tracing the historical development of South Asian writing from the colonial period to the present-day ? exploring, among other things, the impact of British colonial policy on its formation, the ongoing debate surrounding its use of an `imperial? language, and the reasons behind its phenomenal popularity. We will also be discussing some of the social and political issues with which this literature engages, whether it be the caste system, communal violence, or the vagaries of the postcolonial nation-state. Although literature will be our primary focus, the module will include an analysis of the Bollywood film Lagaan, and will introduce students to a number of important theoretical concepts in the field of postcolonial studies."
HL2027 - EARLY AMERICAN LITERATURE,"As we read we will consider the formulization of an ""American"" ""Early"" ""Literature"". Whatconstitutes ""America"" before 1789? Are these texts ""literary""? Does our study of these texts require a teleological perspective? What factors determined the canonization of only English language texts from a multi-lingual, multi-colonial, and native population? How has pre-revolutionary America been represented in the past and in our own time? How do these 'secondary' histories determine what of the past gets preserved, celebrated, and canonized? What aspects of early America are forgotten in this process? What can we learn about contemporary American culture from these imaginative representations?"
HL2041 - ASIAN HISTORICAL FICTION,"You will be introduced to fictional adaptations of historical events in this course which will encourage you to think about narrative concepts in fictional works, and the connections between 'fact' and 'fiction.' Through a series of novels, this course will also help you to develop your critical reading, writing and research skills."
HL2042 - CHILDREN'S LITERATURE,"This course explores shifting attitudes towards childhood, children's literature, and their attendant critical and theoretical discourses from the nineteenth-century to the present. You will examine the lingu istic and narrative strategies that adult writers, illustrators, and filmmakers deploy in their attempts to speak to, and for, young audiences, and the assumptions that we, as adults, bring to our encounters with historical and contemporary children's texts."
HL3001 - FILM THEORY,"Does the cinema most resemble the stage, a painting, or a photograph? When is it like poetry? When do we treat it like a novel or short story? What is the relationship between cinema, television, video, digital arts, and other moving images? What sort of machine is it? Is it more like a picture frame, window on the world, mystic writing pad, or a mirror? Does it function like a language, an address, a puzzle, or a provocation? How should we examine it in terms of narrative, apparatus, and ideology? In terms of image and sound, style, genre, the film artist, and audience reception? What is the relationship between the cinema and democracy? These have been the primary questions throughout the history of film theory and will be the key concerns of this module. It seeks to introduce students to the history and debates of film theory from its beginnings to the contemporary period. Students will be exposed to various ways of addressing films and writing about the cinema, including formalist and realist theories, cultural studies approaches to cinema, semiotics, auteur theory, genre and star analysis, ideological critiques, and apparatus theory. Screenings will include examples from early cinema, The Cabinet of Dr. Caligari, Potemkin, Man with a Movie Camera, Bicycle Thieves, Perfumed Nightmare, Battle of Algiers, Citizen Kane, Rear Window, and Weekend."
"HL3002 - FILM, POLITICS & ETHICS","You will develop a comprehensive understanding of the textual, semiotic/theoretical issues raised in the course in relation to film and its political and ethical implications, and will develop appropriate analytical skills in the process."
HL3011 - SCIENCE FICTION:ORIGINS TO PARODY,"Tracing its origins from nineteenth-century writing on the possibilities and threats both of technology and the newly established sciences to its generic reconstruction and intertextual revisiting over the centuries, the analysis of its most prominent as well as of recently rediscovered works aims to illustrate how science fiction has transformed literature and film. In this, it also seeks to map the genre's most defining topoi: travel through space, time, and parallel universes; experimental technology; alien life; testing the boundaries of the mind and manipulating the body (cloning). Science fiction has always been experimental in its technique as well as in its critique of social, psychological, and scientific definitions of selfhood, and its study taps into encompassing explorations of epistemological as well as ontological anxieties."
HL3014 - LATIN AMERICAN LITERATURE,"This module explores a diverse range of Latin American literatures - including works from Brazil, Argentina, Colombia, and the Dominican Republic. It will offer an historical account of the emergence and development of these national literatures, while also focusing on some of the major social and political issues they address. Of particular interest will be the transcultural 'contact zone' created by colonialism, the ideological and socioeconomic consequences of slavery, and the enduring conflict between tradition and modernity. We will also be discussing the early chronicles of discovery and conquest, the significance of magical realism as a mode of representation, and the subgenre of the dictator novel."
HL3038 - THEATRE OF THE ABSURD,"Martin Esslin coined Theatre of the Absurd to group together a substantial number of post-World War II dramatic works that questioned realism and challenged the conventional dramatic form.' There was no Absurdist movement, and most playwrights whom we consider Absurdists did not identify themselves as such. Nevertheless, the designation is useful to begin thinking about their shared concern for what it means to be human in a time of social and political upheaval. You will be provoked to consider this central question as you learn more about the playwrights' dramatizations of habit, time, humour and suffering. The course will train you to close read Absurdist plays, and develop an appreciation for theirI destabilising effects on actors and the audience member. By the end of the course, you are expected to be able to differentiate between the social, historical,philosophical factors that affect the writing and production of absurdist drama. The seminar format will facilitate discussions as you share your reading, viewing, and performance/staging experiences with the class. Course Content The discomfort and frustration evoked by the Theatre of the Absurd force character(s) and the audience to confront the question, ""What does it mean to be human?"" Each week, we will look closely at one play, and if a recording of a production is available, we will view snippets in class to give you an idea of how each play could be staged. You will also perform scenes from the play in 1, class. The course will provoke you to consider what it means to be human as we look closely at absurdist portrayals of habit, time, humour and suffering."
HL3042 - GOTHIC LITERATURE,"This course will teach you the main characteristics of Gothic literature, as well as the cultural and historical contexts of its development. In addition to this, you will gain an in-depth understanding of some of the main authors associated with Gothic literature and their key texts. Students interested in literary depictions of horror, trauma, fanaticism, paranoia, and guilt should take this course. Students interested in the way historical events have shaped literary culture should also take this course. The main value of this course is that it concentrates on a major genre within literature in English."
HL3043 - MODERNIST SOUNDSCAPES,"While the Western world may not have gotten noisier in the early twentieth century, there is evidence that people perceived the world as noisier. Emily Thompson explains that in the Victorian period the 'sounds that so bothered Carlyle and Goethe were almost identical to those that had been identified by the Buddha centuries earlier: organic sounds created by humans and animals at work and at play' (Soundscape 116). It is not until the early twentieth century, according to Thompson, that machine-generated noises started to impinge upon the everyday lives of people. Called the 'Age of Noise,' the turn of twentieth century was filled with the sounds of auditory technologies (the microphone, radio, telephone, and phonograph), public transportation (the elevated train and subway), World War I, construction, factories, steam locomotives, industrial whistles and bells, machine shops, cash registers, washing machines, sewing machines, vacuum cleaners, typewriters, printing machines, automobiles, trucks, and motorcycles. This course explores how modernist writers represented this soundscape. How did they make their narratives sound out? How did the changing soundscape influence and shape their representations of sound and listening?"
HW0205 - ACADEMIC COMMUNICATION IN THE HUMANITIES,"This course is a one-semester, 2-credit, course for humanities students at Nanyang Technological University (NTU). This course aims to enable humanities students to carefully analyse texts and develop a compelling thesis, particularly through lens analysis: how to use a theoretical text?concepts from a variety of disciplines?as a lens to analyse and probe a primary text. It also aims to teach students how to write successful humanities essays, by becoming adept in argumentation, using evidence, clear structure, and style."
HY1002 - SYMBOLIC LOGIC,"What's proper reasoning and how do you tell whether an argument is good or bad? This class introduces you to formal logic, a set of powerful tools that allow us to give precise answers to the preceding questions. Along the way we will also discuss a few paradoxes - for example, how should we understand and evaluate claims about objects that don't exist, such as the claim that Santa Clause lives on the North Pole?"
HY2002 - MORAL PHILOSOPHY,"This course is an introduction to philosophical ethics. No prior familiarity with the topic is assumed. You will explore major theories and concepts i n ethics, and apply these theories to puzzling ethical problems."
HY2005 - POLITICAL PHILOSOPHY,"This course is an introduction to contemporary political philosophy. States claim to have a monopoly on the justified use of coercive force. This is a stunning, and perhaps alarming, claim. It's all the more stunning once we recognize that this power is wielded, not merely over non- human animals or children, but over competent adults. Accordingly, the fundamental question of contemporary political philosophy is this: How is authority - i.e., the power to create moral obligations in others by means of commands -possible among free and equal moral persons? Anarchists think this question does not admit of a plausible answer. In this class, we'll see if they're right. In this course, you will learn about various theories of the moral justification of state power. You will critically evaluate arguments for and against these theories. Finally, you will be trained to write essays in which you argue for your own views about whether and how states can be morally justified in wielding coercive force."
HY2015 - PHILOSOPHY OF WELL-BEING,"What makes a life go well for the person living it? Theories of well-being attempt to answer this question. In this course, we will examine the most promising of such theories, evaluating each for their strengths and weaknesses. This course is suitable for those who want to investigate the nature of welfare in a philosophically rigorous manner. It is not suitable for people who just want to share their feelings about happiness. By the end of the course, you'll have a sense of the complexities involved in working out a theory of welfare."
HY2905 - POLITICAL PHILOSOPHY,"This course is an introduction to contemporary political philosophy. States claim to have a monopoly on the justified use of coercive force. This is a stunning, and perhaps alarming, claim. It's all the more stunning once we recognize that this power is wielded, not merely over non- human animals or children, but over competent adults. Accordingly, the fundamental question of contemporary political philosophy is this: How is authority - i.e., the power to create moral obligations in others by means of commands -possible among free and equal moral persons? Anarchists think this question does not admit of a plausible answer. In this class, we'll see if they're right. In this course, you will learn about various theories of the moral justification of state power. You will critically evaluate arguments for and against these theories. Finally, you will be trained to write essays in which you argue for your own views about whether and how states can be morally justified in wielding coercive force."
HY3021 - PHILOSOPHY OF RACE & GENDER,"This course is designed to introduce students to a range of philosophical issues surrounding race and gender. There are two main topics that we?ll be exploring in the course, each of which will occupy about half of the term. The first topic is the multidisciplinary debate about what race and gender actually are, which we will engage with through critical examination of a range of proposed definitions of race and gender. The second topic is the social, ethical, and political significance that race and gender, with particular attention to the ways that race and gender shape the opportunities and obstacles faced by individuals/groups in society. By examining these issues, students will gain a better understanding of the role of race and gender in their own individual identity as well as the ability to think critically about societal policies and ideologies related to race and gender."
HY3910 - PHILOSOPHY OF SCIENCE,"This course is an introduction to the philosophy of science, a major sub-field of philosophy. Philosophy of science is concerned with understanding the nature of science, and it intersects with other sub-fields of philosophy such as metaphysics, epistemology, and ethics. The first part of the course will focus on major theories about the nature of science, including those of the logical empiricists, Karl Popper, and Thomas Kuhn. The second half of the course will examine a variety of topics within contemporary philosophy of science, which may include: social studies of science, science and values, the ethics of science, scientific realism, as well as the application of philosophy of science to problems in the science of well-being, climate science, and other fields. By taking this course, you will gain a nuanced understanding of how science produces knowledge, as well as the ability to think critically about the status and role of science in society."
HY3912 - PHILOSOPHY OF TECHNOLOGY,"This course is an introduction to the philosophy of technology. Through examination of a variety of perspectives on the nature and significance of technology, you will gain a greater understanding of the place of technology in society and its effects on human individuals and societies."
HY4008 - ADVANCED MORAL PHILOSOPHY,"What are we required to do? Who are we required to be? And why are we required to do these things or be these types of people? Ethical theories attempt to systematically nswer these questions. In this course, we will examine the most promising such theories, evaluating each for their strengths and weaknesses. Th is course is suitable for those who want to investigate ethics in a philosophically rigorous manner. By the end of the course, you'l l have a sense of the complexities involved in working out an ethical theory."
HY4015 - PHILOSOPHICAL METHODOLOGIES,"Philosophy is done in different ways. In supporting their claims, different philosophers take very different approaches and cite different sources of information. This course is an introduction to metaphiloso ph y- the philosophical assessment of philosophy itself. It addresses the question of whether some ways of doing philosophy-Le., some philosophical methodologies-are more reliable than others in leading to discovery. This question is fundamental to the enterprise of philosophy: it calls for us to reflect whether philosophical questions can have correct answers, and whether philosophical reflection can yield knowledge of interesting truths. We will survey different methodologies pursued across multiple areas of philosophy, including epistemology, metaphysics, the philosophy of mind, and ethics. Along the way, we will identify standards of success for philosophical arguments, and we will ask whether any ways of doing philosophy are particularly effective in facilitating successful philosophy."
HY4025 - ETHICS & PUBLIC POLICY,"Public policy is any institution, norm, or rule created by a government to guide people?s behavior. The study of public policy raises significant ethical questions. In particular: to what ends should citizens? behavior be guided, and by which means should a government guide such behavior? When might a public policy intervention by the government in the affairs of private individuals be unethical? Ethics and Public Policy will survey a number of areas in which public policy has been used to address social and political issues: crime, immigration, health, safety, inequality, religion, and the family. Students will question, debate, and reflect on the ethical principles which favor or disfavor the implementation of various public policies."
HY4111 - SPECIAL TOPICS IN ETHICS,"The aim of normative ethical theory is to rationally assess moral thought. In this course, we explore what it takes to make moral thinking rational. This course is an advanced survey of contemporary analytic moral philosophy. It primarily covers theories in normative ethics' consequentialism, deontology, virtue ethics, etc. Related areas -e.g., meta-ethics, value theory, and moral standing - will be visited more briefly."
HY4113 - SPECIAL TOPICS IN CHINESE PHILOSOPHY,"Course to be offered by both regular and visiting faculty in Philosophy, to beconducted in a seminar style. Each course is to focus on one special area andis taught through extensive reading of selected key texts in the subject andintensive discussions in the class. Students will be required to write reviewessays or/and research papers and to make presentations in class. Students willgain better understanding of the specific topics through the combination ofclose reading, critical thinking, intensive discussion and debates, andrigorous training in writing and presentation."
HY4116 - PHENOMENOLOGY,"Phenomenology is one of the most important and enduring philosophical traditions of the last two hundred years. In this course, we will study its historical development and systematic contributions to key philosophical issues, including the intentional structure of human consciousness; the relation between linguistic meaning and thought; the origins and justification of knowledge; the nature of evidence; the significance of everyday experience (including death and anxiety) for truth, knowledge, and action; the possibility of a phenomenological ethics; the philosophical importance of intersubjectivity, and others. The course studies the various answers that phenomenologists have given to these and other questions, starting from the work of Edmund Husserl,the founder of phenomenology. We will then consider responses to Husserl's work from his students, including Edith Stein and Martin Heidegger, before turning to the development of phenomenology in France in the work of Maurice Merleau-Ponty, Simone de Beauvoir, Jean-Paul Sartre, Emmanuel Levinas, and Jean-Luc Marion."
HL4013 - ADVANCED STUDIES IN LITERATURE & CULTURE,"The specific focus of this final year subject will be decided by students' special interests contingent on divisional expertise. As an advanced subject, the focus is likely to be on a specialised literary and/or cultural topic, author study, national literature or generic study. It will be offered as an examinable special subject."
HL4014 - ADVANCED STUDIES IN FILM,"This course aims to introduce you to a range of challenging films and some general critical tendencies in modern Asian cinema. It also seeks to provide you with a vocabulary to describe the formal effects of cinema. By the end of the semester, you will be conversant with the films studied, with modern Asian cinema as a broad category, and with film as a particular medium with its own history, techniques, and possibilities. This will aid you in developing cultural literacy. In addition, as this is a writing-intensive course, you will also learn to develop coherent critical written arguments about the films studied"
HL4015 - ADVANCED STUDIES IN MEDIEVAL LITERATURE,"Advanced Studies in M edieval Literature examines a central theme or question in the field of medieval literature through a selection of literary works, both canonical and non-canonical. In order to understand these works within their historical context we will also explore other approaches to the course's focal theme, reading historical and theological works and analysing manuscripts and works of visual art. This course examines a central theme or question in the field of medieval literature through a selection of literary works, both canonical and non-canonical. In order to understand these works within their historical context we will also explore other approaches to the course's focal theme, reading historical and theological works and analysing manuscripts and works of visual art. You will be expected to draw on these approaches in your final research paper."
HL4019 - ADVANCED STUDIES IN VICTORIAN LITERATURE,"This course allows students to take a more focused approach to Victorian literature and culture. By providing a thematic, rather than a chronological, introduction to a number of nineteenth-century literary texts, it aims to show that the shifts in literary representations at the time were part of an extremely versatile cultural scene that belies any retrospective typecasting of ""Victorianism."" The comparison of canonical Victorian works and only recently reprinted material, primarily by long forgotten nineteenth-century women writers, will help us to understand the literary developments that engendered a plethora of controversies, both at the time and in its wake, brought out such a versatility of works, and perhaps above all, created the novel genre as the Victorian era's most popular, critical, and representative form of cultural expression."
HL4023 - ADVANCED STUDIES IN AMERICAN LITERATURE,"This course deepens understanding of American literature by engaging with challenging works of fiction and poetry that experiment with form and also engage with the nation's history, in order to produce a critical perspective of the twentieth century, especially in terms of how industrialization and modernization have led a to crisis in subjectivity that demands a revised understanding of ontology and moral foundations."
HL4024 - ADVANCED STUDIES IN CONTEMPORARY LITERATURE,"This module seeks to investigate various fictional images of the contemporary world. The contemporary, as it appears in the novels on this course, is multi-faceted and represents a truly cosmopolitan series of landscapes. These authors are alert to the strains of contemporary music, influenced by film and television, conscious of the prevalence of visual imagery in society and are keenly aware of the multi-racial/religious natures of their cities and towns. Contemporary British writers are deeply aware of international intellectual and artistic developments and the sheer variety of narrative approaches testify to the major contribution made by recent writers to the contemporary novel. Thus, it is possible to consider their work as representative of contemporary European society, while being conscious of profound threads of connection with the idea of the contemporary beyond the borders of Britain."
HL4033 - MAJOR AUTHOR STUDY: JAMES JOYCE,This course analyzes Joyce at a more advanced level. 1. The Irish cultural and historical background to Joyce. 2. Joyce and Modernism. 3. In depth study of four Joyce texts 4. Joyce?s critics
HL4038 - ADVANCED STUDIES IN POSTCOLONIAL LITERATURE,"HL4038 Advanced Studies in Postcolonial Literature highlights the challenges faced by writers from the global south, namely domestication/exoticism which denies and subverts alterity. Such concerns are linked to the increasingly popular sub-geme, ""postcolonial gothic"", which is read as an ambivalent means to circumvent commodification. Encoun- ters with the uncarmy/unheimlich (unhomely) and the abject in these texts unveil deep- seated anxieties regarding race, gender, class, and power, and these are collated with the way that the gothic reconfigures or destabilizes identity, especially as it relates to larger notions of nationhood, history, and belonging. Texts may include Aravind Adiga's The White Tiger (2008), Raja Rao's Kanthapura (1938/1970), Jean Rhys' Wide Sargasso Sea, and Beth Yahp's The Crocodile Sea."
CV0003 - INTRODUCTION TO DATA SCIENCE & ARTIFICIAL INTELLIGENCE,"In today's era of Information, `Data' is the new driving force, provided we know how to extract relevant `Intelligence'. This course will start with the core principles of Data Science, and will equip you with the basic tool and techniques of data handling, exploratory data analysis, data visualization, data-based inference, and data-focussed communication. The course will also introduce you to the fundamentals of Artificial Intelligence - state space representation, uninformed search, and reinforcement learning. The course will motivate you to work closely with data and make data-driven decisions in your field of study. The course will also touch upon ethical issues in Data Science and Artificial Intelligence, and motivate you to explore the cutting-edge applications related to Big Data, Neural Networks and Deep Learning. Python will be the language of choice to introduce hands-on computational techniques."
CV1011 - MECHANICS OF MATERIALS,"This course covers the basic topics of mechanics of materials. The principal topics are force vectors, equilibrium of rigid body, stress and strain, mechanical properties of materials, analysis and design of structural members subjected to tension, compression, torsion, bending and shear, the transformation of stress (strain) components, and the stability of columns."
CV1012 - FLUID MECHANICS,"Fluid statics. Elementary fluid dynamics. Momentum equation and its application. Dimensional analysis and similitude. Internal flows, piping and pump systems."
CV2011 - STRUCTURAL ANALYSIS I,"Structural forms and classifications; Loads; Structural analysis and design; Idealized structures; Principle of superposition; Equations of equilibrium; Internal forces; Free body diagrams; Determinacy and stability; Simple applications of equilibrium equations; Determinacy and stability of trusses; Analysis of planar trusses; Shear force and bending moment functions of beams; Shear force and bending moment diagrams of beams and frames; Differential equations of deflection curve of beams; Integration of differential equation of deflection curve; Macaulay?s Method; Method of superposition; Moment-area method; Deflections using energy methods for beams, trusses and frames."
CV2013 - ENGINEERING GEOLOGY & SOIL MECHANICS,"Engineering Geology: Basic geological concepts, origin and form of soils and rocks, processes and products of weathering, geological structures, geological maps, and geology of Singapore. Soil Mechanics: Physical properties of soils, soil indices, soil classification, compaction, flow of water in soils, effective stress concept, compressibility and consolidation of soils."
EN1001 - ENVIRONMENTAL CHEMISTRY,Basic chemistry concepts. Thermodynamics and reaction kinetics. Equilibrium relationships. Acids and bases. Alkalinity and acidity. Hardness. Metal complexation. Reactions of organic compounds. Electrochemistry and redox reactions. Oxygen and electron equivalents. Basic biochemistry. Radioactivity.
EN2004 - GEO-ENVIRONMENT & SOIL MECHANICS,This course aims to provide you with a basic knowledge of 1) the essential concepts of the physical and chemical properties of soils; 2) soil as an important component in the environment; and 3) the fundamental principles of soil mechanics. It is designed for environmental engineering students to understand the fundamental concepts in geoenvironmental and geotechnical engineering and their applications in environmental engineering works.
EN2711 - ENVIRONMENTAL ENGINEERING LABORATORY A,"Laboratory experiments and projects related to areas in environmental engineering such as water and wastewater quality analysis and treatment, air quality detection and analysis and geotechnical engineering."
MH2814 - PROBABILITY & STATISTICS,"Uncertainties are unavoidable in the design and planning of engineering system. Therefore, engineering analysis should include probability and statistics to evaluate the significance of uncertainty on system performance and design. This course provides the basics of probability and statistical concepts in terms that are more easily understood by engineering students. We present probability and statistical concepts through problems that are meaningful to engineering science. This course should motivate the recognition of the significant roles of the relevance mathematical concepts in engineering."
CV4107 - ENGINEERING ECONOMICS & FINANCE,Introduction. Concepts and Principles of Engineering Economics. Time Value of Money. Economic Evaluation of Alternatives. Financial Accounting. Depreciation Accounting. After-tax Economic Analysis. Effects of Inflation on Economic Evaluation. Replacement Analysis. Sources of Finance. Decision Making under Uncertainties.
CV4121 - INLAND & COASTAL FLOOD MANAGEMENT,"This is a final year course on inland and coastal flood management. The course provides the understanding of inland hydrological analysis, drainage system design, climate change effect, coastal water fluctuations, flood risk assessment, shoreline management and protection measures, and groundwater and geotechnical considerations. It also covers the related coastal management design knowledge and understandings, including levees and sea walls, and polders, together with ecological considerations."
EN3001 - SOLID & HAZARDOUS WASTE MANAGEMENT,"Integrated solid and hazardous waste management. Waste sources, characteristics, generation, collection, transfer and transport. Waste recycling, reuse, recovery, treatment and disposal. Industrial waste management issues and productivity. Hazardous treatment and disposal."
EN3002 - WASTEWATER ENGINEERING,"Wastewater and stormwater systems. Wastewater generation. Wastewater treatment: physical, chemical, and biological unit processes. Advanced wastewater treatment. Sludge treatment and disposal."
EN3004 - AIR POLLUTION CONTROL ENGINEERING,"Introduction to air pollution control. Air pollution effects. Air pollution control legislations and philosophies. Measurement, emission estimates and meteorology. Air pollution concentration models. Indoor air quality and global climate. Engineering approach for air quality control. Natural of particulate pollutants. Control of particulates, volatile organics and hydrocarbons. Characteristics & control of sulphur oxides and nitrogen oxides. Control of mobile source pollutants. Special topic: global efforts & advanced technology for CO2 control."
EN3006 - ENERGY RESOURCES ENGINEERING,"This course aims to provide you with a general understanding on the various sources of energy, their availabilities, qualities and impacts on the environment, economic and society in the context of sustainable development. You will be provided with an overview on the current energy trends, issues and challenges as well as overview on the choice of energy use and technologies to meet these challenges in future for sustainable development."
EN4104 - ENVIRONMENTAL HYDRAULICS,"This course aims to provide a basic understanding of pollutant transport processes in lakes, rivers and coastal waters. At the end of the course, you will be able to acquire sufficient knowledge to perform engineering analysis of pollutant transport in different natural water bodies."
EN4711 - SEMINARS & SITE VISITS,"In general, the course consists of 1-hour technical seminar session every week. The topic will vary each week and they will essentially cover as many aspects of civil and environmental engineering practice as possible. At least one site-visit will be arranged for the semester. More site-visits can be arranged when opportunities are available. Depending on the nature of the site-visit, each site-visit can be considered to be equivalent to 1 to 3 hrs of seminar sessions."
CV3011 - REINFORCED CONCRETE DESIGN,The objective is to equip the students with basic understanding of the behaviour of reinforced concrete structures and to develop the skill to analyze and design basic concrete members.
CV4011 - PROJECT PLANNING & MANAGEMENT,"The course content comprises main body of knowledge in project planning and management with essential components in management principles, overview of government regulations, project planning and control techniques, financial management, time-cost trade off, cost estimating, scheduling and resources management and risk analysis."
CV4012 - PROJECT PLANNING & MANAGEMENT,"The course content comprises main body of knowledge in project planning and management with essential components in management principles, overview of Government Acts & Regulations that governs the engineers' practice in the Construction Industry, project planning and management techniques, financial planning and management, time-cost trade off, cost estimating, scheduling and resources management. The course also gives a good introduction on Law of Construction Contract. This course aims to develop your understanding about how the Construction Industry operates and the role you would play as an engineer. It equips you with strong fundamental in project planning, management & control as well as sound industry practice. It supports and enables you to pick up quickly and make good progress with comprehensive perspectives in their career development."
EN4001 - ENVIRONMENTAL IMPACT ASSESSMENT & MONITORING,"This course aims to provide you with an understanding of the basic principles of an environmental impact assessment (EIA), the causes of impacts and the use of a formal EIA. You will be exposed to EIA concepts and methodologies relating to social, engineering, and economic issues. You will also learn to understand the purpose of monitoring and developing follow-up procedures as well as options for designing these procedures. After successfully attending the course, you should be able to prepare a simplified version of an Environmental Impact Statement or EIS."
FE1073 - AN INTRODUCTION TO ENGINEERING & PRACTICES,Lab C1: Resultants and equilibrium of forces Lab C2: Deformation of elastic body Lab M1: Work and energy Lab M2: Conservation of momentum Lab E1: Electric field Lab E2: Magnetic field Seminar C1: Introduction to Civil and Environmental Engineering Seminar M1: Introduction to Mechanical and Aerospace Engineering Seminar E1: Introduction to Electrical and Electronic Engineering
EE2005 - ELECTRICAL DEVICES & MACHINES,"The objective of the first module is to introduce students to electromagnetic principles and actuators including magnetic circuits and energy conversion devices. The second module focuses on the operating principles of single-phase and three-phase transformers and their applications in power supply systems. The third module furthers the students' knowledge on AC electrical machinery such as induction motors, which are widely used in industry. The final module enables students to understand the basic concepts of DC machines with particular focus on their fundamentals and operating characteristics. Applications of these concepts in solving engineering problems will also be covered. Contents: Electromagnetic Principles and Actuators. Transformers. AC Machines. DC Machines."
IE0005 - INTRODUCTION TO DATA SCIENCE & ARTIFICIAL INTELLIGENCE,Data-Analytic Thinking. The Data Pipeline. Data Presentation. Data-driven Inference. Data-driven Identification. Digital Storytelling. Artificial Intelligence. Reinforcement Learning and Artificial Intelligence. Ethics in Data Science & Artificial Intelligence. State-of-the-Art in Data Science & Artificial Intelligence.
IE1005 - FROM COMPUTATIONAL THINKING TO PROGRAMMING,Course Overview and Concepts of Computational Thinking. Overview of Programming Languages. Computers and Programming. Overview of a Computer Program and Data Types. CT to Programming Concept - Operations and Reusable Functions. CT to Programming Concept - Decision Making and Repetition. CT to Programming Concept - Functions and Decomposition to Smaller Modules. CT to Programming Concept - Advanced Data Structures. Computing Trends. Social-Ethical Issues and Ramifications of Computing.
MA2002 - THEORY OF MECHANISM,"The purpose of a mechanism is to transmit motion and force. This course introduces the students some basic mechanisms including linkages, cams and gears. Mechanisms are the building blocks of a machine. In a machine design problem, very often the first task is to determine the type and configurations of mechanisms to provide the desired motions. Once the kinematic issues are addressed, the dynamic analysis can then be performed. In this course, techniques for the kinematic and dynamic analyses of mechanisms will be covered. A course in the theory of mechanisms is essential for any mechanical engineers as the knowledge is fundamental in understanding the working of machines. Apart from analytical ability, it also provides students the opportunities to develop their design capability."
MA2009 - INTRODUCTION TO ELECTRICAL CIRCUITS & ELECTRONIC DEVICES,"This course introduces the basic theory of electrical linear networks as well as the application of basic electronic devices. Students are first provided with the analytical tools to solve linear resistive networks and to derive linear equivalent networks. These formal methods are then generalized to include reactive components, such as capacitors and inductors, analyzing the network behaviors both in frequency (AC steady state analysis) and in time (transient analysis). The second part of the course will introduce the basic electronics components such as operational amplifiers, diodes and transistors, with special emphasis on the practical use and applications. Students will use operational amplifiers to design simple linear filters. Diodes and transistors will be used in nonlinear applications such as rectifiers and digital logic."
CM1001 - FOUNDATIONS OF CHEMISTRY I,"The course covers fundamental concepts and organizing principles of chemistry that provide the foundation for many aspects of chemical science and related fields. It aims to bring Freshmen students in science and engineering to the same level of command of basic chemistry that is essential to progress to advanced courses. The concepts espoused in the course will be illustrated and connected with real world applications whenever relevant. Practical work is at the heart of chemistry. The laboratory component of this course aims to expose you to chosen experiments which will help you gain familiarity with a variety of skills, laboratory techniques and equipment and instill in you the ability to work independently as well as part of a team."
ES0138 - INTRODUCTION TO SCIENTIFIC WRITING,"This is an introductory course designed to equip students with writing fundamentals, which will be applicable to all future written communication, and which will form the pre-requisite for advanced courses. The course will emphasize meeting the reader's basic expectations of where in the text information should appear, and how changes in information placement influence the impact of the text. The course will also provide students with guidance on making engaging presentations without slides to a non-specialist audience. Lessons will be highly interactive, and offer multiple opportunities to write, present, and get and give feedback."
ES1001 - E2S2: ENVIRONMENT & SOCIETY,This course provides a thorough introduction to environmental social science for first-year undergraduate students.
ES1006 - INTRODUCTORY FIELD EXPERIENCE,This course provides an introduction to conducting scientific research in the field.
HA1001 - INTRODUCTION TO INTERNATIONAL RELATIONS & FOREIGN POLICY,"This compulsory PPGA course will provide you with the core concepts and issues of international relations. It examines international history, causes of war and peace, international political economy, international rules and norms, and foreign policy making. In addition, the course will inform you of contemporary and future problems in the international system, including territorial disputes, the trading system, development and human security. The course aims to develop your knowledge and ability to evaluate contemporary international issues, which is critically important for future PPGA (including political science/international relations) courses."
HA1002 - INTRODUCTION TO POLITICAL THEORY,"This course examines major texts and thinkers in the Western history of political thought and the questions they raise about political order and authority. We will study many of the great texts of the Western tradition. These texts raise important questions about the nature of individual rights, the roots of government authority, the circumstances of legitimate revolution, the justification of religious tolerance, and the meaning of political ideals such as liberty, equality, and justice. We will study political thinkers like Plato, Aristotle, Machiavelli, Hobbes, Locke, Rousseau, Marx, and Tocqueville. It considers the ways in which thinkers have responded to the particular political problems of their day, and the ways in which they contribute to a broader understanding about human goods and needs, justice, and democracy, and how they continue to shape, inform, and challenge the analysis of current political phenomena. The aim of this course is to understand the strengths and weaknesses of various thinkers and their philosophical approaches in order to gain a critical perspective on our own."
HA1012 - FUNDAMENTALS OF POLITICS,"The purpose of this course is to introduce students who have never been exposed to political science studies to the fundamentals of the discipline. In so doing, students in the Public Policy and Global Affairs Programme (major & minor) will acquire the theoretical, conceptual, and empirical tools that would allow them to think seriously about politics. The ultimate goal is to equip students with essential political ideas and principles and enable them to apply these concepts to studying contemporary political life."
HA2003 - POLITICS & GOVERNMENT IN SOUTHEAST ASIA,"This course will provide a broad survey of the domestic politics of the Southeast Asian region. Nations studied will include Cambodia, Indonesia, Malaysia, Philippines, Thailand, and Vietnam. It will also examine the important factors that shape the political landscape of Southeast Asia, paying particular attention to the historical conditions (colonialism, modernity, nationalism, war etc) which gave rise to the construction of Southeast Asia as a geo-political entity."
HA2004 - THEORIES IN INTERNATIONAL RELATIONS,"The course offers major theoretical and empirical frameworks in international relations to discuss causal mechanisms of various past/current events in the world. It also provides solid foundations to cultivate your social scientific perspective to grasp future dynamics of international relations. In addition, there will also be an introduction to the evolution of IR theories in current debates, especially in the Asian region, and its application in the 21st century."
HA2017 - FOREIGN POLICY ANALYSIS,"This course will familiarize the students with the key concepts and theories in foreign policy analysis and the complexity of variables influencing foreign policy decisions at individual, domestic and international levels. The course will unpack the role of key leaders and bureaucracies in discerning enablers and constraints (domestically and internationally) and how these impact foreign policy choices but also implementation strategies, the choice of instruments, and ultimately outcomes in FP. The course will also introduce students to main academic debates around these topics and privilege practical exercises involving the analysis of illustrative case studies (drawing from relevant historical and contemporary examples). The interactive nature of the seminars will foster students? critical analysis as well as argumentation and presentation skills. The course targets students who are interested in gaining a more structured understanding of how foreign policy is formulated and implemented and how it shapes international politics. By providing you with a comprehensive understanding of the main factors shaping and influencing foreign policy choices, HA2017 is an important asset for those of you who are considering a future career as a diplomat or in consultancy, or just interested in gaining a better understanding of foreign affairs in general."
HA2023 - RESEARCH METHODOLOGY IN SOCIAL SCIENCES,"This course targets students who are interested in learning social science research methods. It introduces basic research methods and skills in conducting social science research projects. It will equip students with necessary knowledge reading research papers and conducting research projects, in particular the final year project."
HA3018 - BORDERLESS MIGRATION?,"This course introduces students to the politics of migration in a globalised era. The perspectives of migrant inclusion and exclusion will be used to help students acquire a deeper understanding of the political, economic and social functions of borders; how states regulate migrants' access to citizenship; the role of security in migration regulation; the competing sets of political, economic and social demands states must satisfy in regulating migration; and how different categories of migrants are politically, economically and socially constructed. Students will be required to analyze and synthesize the above knowledge and articulate them in a cogent and accessible way, both orally and in writing."
MH1802 - CALCULUS FOR THE SCIENCES,"Basics (BAS) Types of numbers; Functions and Graphs; Commonly used functions and their graphs; Important algebraic, trigonometric, logarithmic and exponential identities; Basic Complex numbers. Differential Calculus (DIF) Limits; Differentiation; Techniques of Differentiation; Applications of Differentiation; Basic Partial derivatives. Integral Calculus (INT) Integration; Techniques of Integration; Calculus of Logarithmic, exponential and Inverse Trigonometric Functions; Applications of Integration; Differential Equations (DE) Basics; First Order Ordinary Differential Equations; Second Order Ordinary Differential Equations; Series, Sequences and Differential equations."
PH1104 - MECHANICS,This course aims to equip you with the basic concepts and problem solving skills in Mechanics. You will develop physical intuition and analytical skills which are important for studying physical systems and solve problems involving mechanical systems. These knowledge and skills lay the foundation for subsequent higher level courses.
"PH1105 - OPTICS, VIBRATIONS & WAVES","This course aims to equip you with basic concepts and problem solving skills in optics and wave phenomena. You will develop physical intuition and basic analytical skills which are important for studying optical rays and wave propagation. Fundamental concepts are emphasized using the framework of phase and wavefronts. These knowledge and skills lay the foundation for subsequent higher level courses in optics, and are also critical in any other wave-related courses such as quantum mechanics and electrodynamics."
PH1107 - RELATIVITY & QUANTUM PHYSICS,"This course aims to equip you with the basic concepts and problem solving skills for analysing objects moving close to the speed of light and particles exhibiting quantum behaviour. You will develop physical insights and analytical skills which are important for studying relativistic problems and quantum systems. These knowledge and skills lay the foundation for subsequent higher level courses. Course Content: 1.Foundation (FND): a.Wave properties b.Speed of Light c.Superposition, Diffraction and Interference d.Atoms and subatomic particles 2.Special Relativity (SR) a.Frames of Reference and Galilean Transformation b.Postulates of Special Relativity and Lorentz Transformation c.Length Contraction and Time Dilation d.Minkowski?s Space-time diagrams e.Resolving Paradoxes f.Relativistic Momentum, Kinetic Energy and Energy 3.Basic Nuclear Physics (BNP) a.Radioactive particles ( b.Nuclear Fission and Fusion c.Radioactivity d.Mass-Energy Equivalence e.Medical application and Dosage 4.Quantum Physics (QP) a.Blackbody Radiation b.Quantization of Physical Quantities c.Photoelectric Effect d.Compton Scattering and wavelength e.Pair Production/Annihilation f.Double Slit Experiment g.Davidsson-Germer Experiment h.Wave-Particle Duality i.Hydrogen Atom (Bohr?s Model & Atomic Spectra) 5.Basic Quantum Mechanics (BQM) a.Eigenvalues, Eigenfunctions and Operators b.Two level systems c.Schrodinger?s Equation and Wave function d.Probability (Density) e.Infinite and Finite Potential Well (Particle in a Box) f.Quantum Harmonic Oscillator g.Potential Barrier/Step h.Expectation Value and Uncertainty i.Heisenberg?s Uncertainty Principle j.Commuting Operators k.Hydrogen Atom l.Quantum Numbers, Degeneracy"
CM2011 - ANALYTICAL CHEMISTRY,The lectures provide an introduction to modern analytical methods that are used to quantify species and instrumental methods used to monitor the progress of reactions. The course comprises a mixture of numerical problem solving and descriptive chemical analysis.
ES2001 - COMPUTATIONAL EARTH SYSTEMS SCIENCE,"Introduction to computational data analysis, numerical methods, and visualisation as applied to physical and chemical systems, analysis of experimental data, Monte Carlo numerical experiments, image processing, and geographic information systems (GIS)."
"ES2302 - FIELD STUDIES IN ENVIRONMENT, ECOLOGY & SOCIETY","The course will be a two-week intensive course conducted in the field. The course will comprise three components: (1) an introduction to field methods via lectures, demonstrations, and a class activity; (2) a group research project, and (3) an individual project. Through the duration of the course there will be the reading and evaluation of classic research papers, presentations by guest lecturers, and mini-workshops on experimental design and statistical analysis."
ES2802 - GIS & THE EARTH SYSTEM,"In this course, you will become familiar with Geographic Information Systems (GIS). You will be able to navigate within the ArcGIS, import and export datasets,change the reference frame, create maps,use simple scripts, and search online to find and adjust GIS workflows within the context of Earth systems science. You will also learn how to generate 30 models using photogrammetry using the software Agisoft Photoscan, and how to export the data from those models into ArcGIS."
HA2024 - STATISTICAL ANALYSIS FOR PUBLIC AFFAIRS I,"This course basically aims to advance the understanding of your analytical methods by training them in the basic concepts of descriptive and inferential statistics and by using those concepts through a hands-on approach. As a modern administrator, an insightful policy analyst or a good researcher, you must learn to become an intelligent consumer and producer of empirical research as applied to public administration and policy. Based on data-based exercises and practices, this course will help you understand quantitative journal articles that use statistics as a written language for communication."
HA3002 - POLITICAL ANTHROPOLOGY,"This introductory course to political anthropology aims to explore the blurred boundaries between the social, anthropology and political science, questioning rationalists, structuralists or normative explanations of states and relations between states. It will present various frameworks to conduct contemporary interpretive political analysis, alongside ethnographies and case studies which deal with informal networks and informal political action that overlap with institutional approaches of political science. By taking this course, students will be able to draw connections between politics and the subjective, affective dimensions of political struggle and commitment. This perspective will enable them to understand and analyse better real world forms of social and cultural political power such as identity and ideological politics."
HA3015 - MEDIA & POLITICS,"This module provides you with an understanding of the relationship between the media and politics in contemporary society, with a focus on the Singapore media systems and politics. It seeks to equip you with a basic understanding of the complex and dynamic relationships among the politicians, the public and the media. The module will examine the ways the media influence how we think and act in the political world, how the news influences our political attitudes and behaviours, how the policy makers and politicians use the media, and how the media coverage of government influences politics."
HA3024 - CHINA'S RE-EMERGENCE IN WORLD POLITICS,"The course provides students with an understanding China's rise in world politics and an appreciation of its international affairs and prepares them to take a critical view on one of the most systemic shift of our time - the emergence of China as the world's largest economy and as a major power in the world. This course will investigate events, contexts and cases that have shaped China's foreign policy, diplomatic engagements, militarization, and economy."
HA3026 - CRISIS LEADERSHIP & MANAGEMENT,"This course aims to develop your understanding of key concepts, principles and theories of crisis leadership and management that are essential for facilitating crisis resolution. Crises can take many forms without warning. Being able to recognize and manage crises effectively can greatly reduce the amount of damage an individual or an organization receives, avoid recovery delays, build resilience and promote sustainability. This course is for students who want to develop and strengthen their crisis leadership and management capabilities."
HA3028 - POLITICAL PARTIES & ELECTIONS,"A study of democracy cannot take place without analyzing political parties and elections. Political parties, in the West at least, have contributed enormously to the flourishing and stability of democracy. Parties link the state and society, take part in elections and contribute towards the structuring (and re-structuring) of political processes and institutions. Yet, the nature of political parties differ throughout time and space; similarly, the nature of elections differ throughout democracies - there is significant diversity in the way the electoral systems are structured, the legislations governing elections, the frequency of elections, the way campaigns are conducted, inter alia. As such, there is a need to understand the differing types of parties and elections, the impact that they have on society and political systems, who runs in elections, how voters make their choices, and the threats to our existing understandings of democracy and elections. This module studies the development of political parties and electoral systems, emphasizing the analytical component (how and why) in addition to the standard descriptive approach (what)."
HA4026 - SELECTED TOPICS IN HEALTH CARE & AGEING,"This core course aims to develop your understanding of key concepts, principles and theories of health care and ageing that are essential for health-related policy analysis and pursuing careers in the health care field. In addition, it aims to develop your reflective capacity and enable them to link theory to practice through examining case studies in different countries."
HA4044 - POLICY VALUES & DEBATES,"This course aims to introduce you to the theoretical and practical foundations of policy analysis with a specific focus on socio-political analysis in the context of Singapore. The course is designed to develop understanding of 'what is the right thing to do' (core values in public policy) and 'how to do things right' (political feasibility). The course also goes one step further by encouraging students to critically analyse what is understood as 'successful policies', traditionally defined by the two aforementioned factors. The course ultimately aims to push students to carefully consider a multitude of factors when brainstorming and implementing new policies."
MH2500 - PROBABILITY & INTRODUCTION TO STATISTICS,"This is a core mathematical course, aiming to develop your understanding of fundamental concepts in probability and statistics such as random variables, independence, basic probability distributions, and confidence intervals. The course also prepares you for further statistics courses such as MH3500 in the Statistics Track."
ES3003 - INTRODUCTION TO GEOCHEMISTRY,"This course is designed to introduce you the principles of chemistry related to geology and their applications to understand processes taking place on and within the Earth. The aim is to provide you with a powerful toolbox and the related skills, more than a static bank of knowledge. You will become familiar with the principles of geochemistry, including analytical chemistry, governing equations and typical applications in the Earth Systems Sciences (e.g., atmosphere, hydrosphere, biosphere, solid earth, anthroposphere). You will learn to organize and present geochemical data, including writing a report on a problem of your choice. With this set of tools and knowledge, you will have the mind skills and technical know-hows to answer a range of practical problems, including some that may not have been addressed in the class."
ES3005 - ADVANCED FIELD COURSE IN GEOLOGY,"Upon arrival in the field,students will participate in basic orientation exercises including detailed safety briefings. The main field course will take place in three different areas of eastern California. Mapping days On each mapping day, students will participate in a morning briefing, head into the field area to participate in mapping projects, and work on report writing or map production in the evening. Students will participate in camp maintenance and food preparation on a rotating group basis. Area 1- Cerro Gordo,CA Students will map bedrock geology of a fold-and-thrust belt. They will identify rock types and their field relationships, construct cross sections at multiple scales,and create a geological map. Students will observe faults, folds, pervasive deformation structures,sedimentary sequences,and complex igneous units. Area 2 - Panum Crater,CA Students will map a young rhyolitic eruptive center.They will identify different eruptive units, ! observe and interpret ductile and brittle rock fabrics,and construct a conceptual model of the evolution of Panum Crater during its life cycle. Area 3 - Lundy Canyon, CA Students will map surficial sediments and geomorphic features related to multiple cycles of glaciation, Pleistocene lake levelfluctuations,delta formation,and range-front normalfaulting. They will create a detailed geomorphic-geological map and investigate the relationships between 1 peak glaciation,lake level high stand,and long-term uplift of the Sierra Nevada mountains. Rest days Approximately one day per week, students will participate in a short morning field exercise and then travel into a nearby town to wash clothes,rest, and participate in voluntary short field excursions in the region. After spending the night in proper accommodations, they will return to the field and participate in afternoon field work. Final field tour The last days of the field camp will be used for regional field excursions, which will challenge the students to integrate their field experiences into an overarching picture of the geological evolution of the East Sierra Nevada region. Camp participation The essential skills of independent field work include the ability to cook, clean, perform tasks that benefit the camp as needed,and maintain good work ing relationships with other camp members. Students will participate in food preparation, cooking, and dish washing on a rotating group basis."
ES3008 - E2S2 RESEARCH,"Students will gain a background in a specific scientific problem or research topic, learn about how this will be addressed, and participate in the research required to address this topic. This course will include a self-contained research project that can be completed over one semester. Continuing research over more semesters must include discrete projects that can be part of a greater whole. Students may work on a project designed by their faculty supervisor or of their own design, with approval from their faculty supervisor. As part of this course, students must design a research-style poster for display, and prepare a short presentation regarding their research."
ES3202 - RESILIENT URBAN SYSTEMS,"The urban population is growing globally, creating or exacerbating major global environmental issues such as climate change and biodiversity loss. To understand the role that cities can play in mitigating these issues, this course aims to equip students with the basic knowledge and tools to analyze urban landscapes using the frameworks of resilience and ecosystem services. We will cover the major challenges that cities face in the 21st century and the role that natural infrastructure - forests, parks, trees, green roofs - can play in addressing these challenges. Through a group project, students will apply this knowledge in practice by articulating the potential for natural infrastructure and presenting an urban ecosystem services assessment for a case study of their choice."
ES3306 - GLOBAL CHANGE ECOLOGY,"The weekly arrangement for the course will be 2 h lectures and in-class problem solving + 1 h tutorials with short student presentations and literature discussions. Each week will cover a new topic or aspect of global change ecology. The main focus will be on how climate change effects ecological processes, in a wide range of different ecosystems, both terrestrial and aquatic. The effects of global change phenomena such as CO2 fertilization (e.g. effects on plant growth and interactions), N pollution (e.g. plant mineral nutrition, mycorrhizal interactions, soil nutrient availability), pollution of aquatic systems, ocean acidification, land use change (e.g. deforestation and habitat loss), and climate warming on ecological interactions both between different organisms and organisms and their environment. We end the course by looking at how multiple global change drivers can give a more realistic view of net ecosystem effects. Researchers methods for studying ecosystem effects of global change phenomena will be considered, as well as areas in need of further study. (Biodiversity loss and invasive species will not be covered in depth as they are major components of the course Current Issues in Ecology)."
ES4010 - TEACHING IN E2S2,"This course introduces students to academic teaching through hands-on practice acting as a teaching assistant for a class in E2S2 that they have previously taken. Students will attend lectures, run labs or sections, prepare teaching materials, grade selected assignments, and assist in other duties as necessary (including field trips, etc.). Support will be provided by the faculty in charge of the class. An additionall-hour weekly meeting will be held by the course coordinators for all students to attend and discuss teaching strategies, challenges, and solutions."
ES4301 - CONSERVATION BIOLOGY & BIODIVERSITY,This class will make the students familiar with the challenge of maintaining the balance between catering for a growing human population while protecting biological diversity from a species to whole ecosystem levels.
ES4902 - GEOPHYSICAL DATA ANALYSIS,"This course provide training for a useful toolkit skills to analyze geospatial and time series data. We will cover ways to plot your spatial data using GMT, time-series analysis, probability, statistics, regression, and error analysis."
HA4001 - ASEAN IN THE 21ST CENTURY,"This seminar aims to offer students the in-depth, comprehensive knowledge and analyses of potentials, strengths, and limitations of the Association of Southeast Asian Nations (ASEAN). Through class discussions, students will learn history, characteristics, and functions of ASEAN from the material and ideational perspectives. With these knowledge, students will gain an ability to analyze the ASEAN?s utility (potentials and limitations) and raison d'etre by employing not only International Relations (IR) theories, but also theories in other fields (e.g. psychology, sociology, history). Those who are interested in graduate studies in International Relations and Asian/Southeast Asian studies or career in foreign affairs and international relations should take this course, since this becomes a rigid intellectual foundation of ASEAN studies."
"HA4011 - PUBLIC ADMINISTRATION: PAST, PRESENT, & FUTURE","This course aims to provide an overview of the classic literature on public administration. The course develops understanding of the major and most influential theories of public administration. It also promotes critical thinking about what constitutes good governance and how practice can be informed by theory. As governance permeates most human activities, the course may be of interest for those who wish to expand their knowledge on how government functions, regardless of whether they would like to pursue a career in the public sector."
HA4014 - EUROPEAN UNION,"This course introduces the politics and policies of European integration. The European Union (EU), one of the most established international regional organisations in the world, has been an institution in the making for 60 years. The policies adopted at the supranational level now affect more than 500 million citizens of 28 countries; the bilateral and multilateral relationships that EU member states form are subject to the scrutiny of central institutions such as the European Commission, European Parliament, and the European Court of Justice, among others. By taking this course, you will learn about the historical motivations that led to the emergence of the European Union (and which alternative models were considered), the design and structure of European institutions (and how they have evolved over time), the core policy areas regulated at the EU level (and why some are outside the formal EU institutional framework), as well as theories that attempt to capture these complex and multilevel interactions."
HA4022 - INTERNATIONAL POLITICS OF THE ASIA-PACIFIC,"The aims of the module are to develop knowledge and understanding of the nature of international politics in the Asia-Pacific, and the conceptual and theoretical issues relating to those politics, and to equip students with basic skills to analyze foreign policy of major powers and explain the role of regional institutions."
HA4030 - INTERSTATE CONFLICT,The course offers major theoretical and empirical frameworks to study causal mechanisms of interstate conflict. Students who are interested in international conflict are encouraged to take this course. It also provides solid foundations to cultivate your social scientific perspective to grasp future dynamics of interstate conflict.
"HA4046 - CULTURE, ARTS & POLITICS","This course will explore the following issues: cultural formations and reformations (in the light of larger geopolitical agendas), community-based artistic interventions and their complicit role in technologies of governmentality, and the forms and roles of artistic resistance in attempts to effect social change. This course will include site visits to view relevant forms of art, as well as engage with local artists who actively work with communities and social issues. By taking this course, you will gain a more complex, contextual understanding on how political forces of reform and resistance shape and are shaped by artists and their artistic endeavours."
HA4065 - CRISIS DIPLOMACY,"This course is an applied seminar for students aspiring to careers in foreign affairs. Through a series of simulations, discussions and lectures, you will become acquainted with the practice of statecraft and diplomacy on a practical level. From the perspective of policymakers, we will tackle several of the most pressing issues in contemporary international security, ranging from traditional security issues like inter-state and civil war, nuclear proliferation, and the rise of great powers to more non-traditional, newer issues like terrorism, climate change, and 'human security.' You will explore the intricacies, challenges, and possibilities of diplomacy during international crises through an active learning approach using simulations. Any student interested in pursuing a career in statecraft and diplomacy would benefit from this class."
HA4066 - WAR IN FILM,"How does film shape our understanding of war? In this course, through an examination of twentieth century film, we will study the various ways in which a number of writers and directors have approached the subject of war."
HH1001 - WHAT IS HISTORY?,"A thematically structured critical introduction to the subject of history: its meanings, frameworks, interpretations, schools of thought, practitioners and its uses and abuses. The subject will analyze both the traditional and new methods of studying, analyzing and interpreting the past and its relationship to our present and the future. This exciting debate on the concepts, practices and critiques of history will be framed by in-depth analysis of selected case studies that provide further critical insights into the discipline and its relationship with other scholarly disciplines."
HH1002 - ASIA-PACIFIC IN GLOBAL HISTORY: PRE-1800,"This course will introduce you to the history of cultures of the Asia-Pacific regions covering the period from the rise of the state until 1800 with a focus on everyday life for the ruling classes and their subject populations. In addition to scholarly accounts of family life, state-formation, sexuality, economics, and religion, you will read literature from a variety of contexts in order to develop an intimate relationship with the individuals and groups in each culture. This literature will include ancient Indian epic, Confucian texts on the state and family, the Komasatra, and stories from the Tang and Song dynasties. In this course, you will also consider modern anthropological parallels in order to bring to life the familial, cultural, social, and political worlds of pre-colonial India, China, and Southeast Asia."
HH1125 - HISTORY & ARCHAEOLOGY: AN INTRODUCTION,"History and Archaeology: An Introduction provides a comprehensive overview of the development of two closely related fields of study: history and archaeology. In the course, students gain an understanding of the objectives, tools and sources of archaeology and history and how the similarities in the two disciplines provided the basis for the establishment of historical archaeology as a field of study in the United States in the mid-20th century. Since then the field has expanded to other parts of the world including Africa, Europe, and Australia. The course introduces students to the history of archaeology defined by its focus on material culture, and how its development intersects with history, especially in the study of past cultures, societies and technologies of periods when historical documentation was also available. The course begins with a diachronic survey of the relations between history and archaeology before narrowing its focus to the specific development of historical archaeology in North America and its impact on other parts of the world, especially Asia. By examining case studies, images, and readings, the course helps students to acquire elementary skills to interpret the information presented in the course. Students will learn to identify and discuss key questions, approaches, methods, and sources used in historical archaeology at the end of the course."
HH2001 - SINGAPORE: THE MAKING OF A COSMOPOLITAN CITY-STATE,"This course focuses on the evolution of Singapore in the regional and global contexts since 1945. It will discuss various factors--institutional, cultural, socio-political and international - that have shaped the trajectory of Singapore over the past seven decades. The successful story of Singapore`s economic development will be understood within the domestic multi-ethnic mosaic and complex regional relationships. It is the interplay of these forces that underscores the emergence and challenges of a cosmopolitan global city-state with an emerging national identity."
HH2004 - THE ISLAMICATE WORLD,"In this course, you will investigate the historical development of Muslim societies from the classical period to the present. You will analyze diverse theories and practices of Muslim communities that span a global scale while being embedded in their own local political, economic and social contexts. This course will equip you to conceptualize the basic precepts and terminology that define the idea of an Islamicate World while inviting you to critique this notion through empirical historical evidence. You will also develop your skills in analyzing and interpreting primary and secondary sources, particularly through close readings of how Islamic concepts are employed in literary and political rhetoric."
HH2007 - HEALTH & ILLNESS IN HISTORY,"This course aims to offer a historical insight into the problems of health and illness from a global perspective. While health and illness are key issues across the boundaries of nations and times, they have been highly contested subjects in terms of definition, meaning, and implication. What do we mean when we say that we are healthy? What role have doctors and medical researchers played within shifting social and political structures? How did modern medicine come to emerge and what impact did it make upon the changing cultural landscape of modern society? The course will give you an opportunity to think about the shifting practices and ideas of health and illness, along with the role of the professionals who stays at the center of health-related activities."
HH2008 - FEASTING AND FASTING: FOOD & DRINK IN HISTORY,"This course is intended to whet students` appetites for a new interdisciplinary field, which focuses on the histories of everyone`s favorite past-time: eating! The course will be structured thematically rather than chronologically, commencing with a focus on the economics of food purchasing, its preparation, the rituals and practices associated with its consumption, including the development of table manners and the use of various implements as well as the acts of eating or abstaining. Various religious and cultural dietary regulations and taboos will be examined next, before a series of case studies looking at the connections between food and world politics: such as colonialism and nationalism. The development of food consumption as a leisure and social activity will also be analysed, before the course concludes with a study of the gendered aspects of food history in an interdisciplinary perspective."
HH2031 - HISTORY OF FOOD IN CHINA,"Food constitutes a vital aspect of Chinese culture that figures saliently both in China and beyond. It forms a significant aspect of heritage identification for many ethnic communities in Singapore. This course uses the lens of food to explore Chinese history and various historical methodologies. Students will assess the complex ways that food connects not only to daily life, through cooking and eating, as spice and as medicine, from the expression and formation of the self to the mediation of social relationship, but to larger histories of trade, ecology, medicine, religion, agriculture, travel and ethnic identity."
HH2046 - URBAN HISTORY,"The purpose of this course is to introduce students to the discipline of urban history. It is intended for undergraduates with an interest in learning more about the nature, development, and experience of urban spaces in the past. The course will be particularly valuable for students keen on furthering research on urban history, such as city biographies and urban networks. It will also give students an opportunity to consider careers related to urbanism, such as public policy and urban planning."
HH2090 - SPECIAL TOPICS IN HISTORY I,"Miracles, ghosts, demons, witches, and aliens - these are part of our everyday experience, whether through firsthand accounts of encounters or stories passed on by friends or acquaintances. How do we make sense of these ideas, personalities, and beliefs in both the past and present? This interdisciplinary study explores how historians have shifted their focus toward such phenomena over an extended period and seeks to introduce students to a variety of approaches and perspectives toward the following questions: Over time, how have definitions and reinterpretations of ""supernatural"" and ""paranormal"" concepts evolved? How do these concepts intersect with various aspects of human history, including religion, philosophy, governance, environmental changes, and health? How did historical actors approach the task of reconciling their perspectives on the supernatural and paranormal with their personal beliefs within the context of their communities? Why do notions of the supernatural and paranormal persist in contemporary times, and how have they undergone restructuring and recontextualization? By the course's end, students will be acquainted with key figures, historiography, and methodologies from various specialist schools of history, encompassing science, religion and gender, as well as related fields such as folklore studies, sociology, and cultural anthropology."
HH3017 - WORLD ENVIRONMENTAL HISTORY,"In this class, you will encounter the field of world environmental history through a variety of theoretical and methodological frameworks. We will begin by examining 'Big History,' which contextualizes the human past within broader biological, geological, and even astronomical processes. We will then contemplate how the exchange of pathogens has connected human populations and shaped world history through plagues and epidemics. Next, we will examine the role of the environment in European colonization of America and Australasia, a theme environmental historians have dubbed 'Ecological Imperialism.' We will subsequently draw on world systems analysis and dependency theory to explore how the spread of capitalism has transformed societies and environments the world over. We will conclude with a discussion of the theories of space and place that underlie our understandings of the globe and its human history."
HH3019 - HISTORY OF THE BODY,"This course offers a series of seminar on the history of the body for second-year students (or higher) at NTU 1. Changing Medical Theories of the Body in History 2. Sexuality, Punishment, Pain, and the Management of the Self 3. Cyborg Theories and Post-Humanism"
HH3028 - GLOBAL HISTORY OF CAPITALISM,"History of Global Capitalism introduces you to the discipline of economic history. Beginning with the rise of capitalism in the West, the module tracks the development of capitalism, its spread throughout the world, and the challenges it has faced. The module also introduces the major themes and debates in the new field of the history of capitalism, including the Industrial Revolution, the East-West divide, the entanglement of economics and geopolitics during the two world wars and the Cold War, and the increasingly important roles of gender and technology in our discussions on capitalism. We will also look at case studies of post-WWII America and China?s Economic Reforms starting from the late 1970s. This course also helps you to develop the skills to turn textual as well as numerical data into analytical historical writings. Through this course, you will become familiar with the different approaches to economic history and the methodological developments in the field, and learn what kinds of sources economic historians use and how they use them."
HH3039 - MARITIME ASIA IN THE LONGUE DUREE,"This course introduces you to the history of Maritime Asia in the longue duree. Through this course, you will become familiar with and understand the major trends, debates, concepts and theories in the field of Maritime Asia, and the different ways in which the sea had shaped Asian history. You will also be able to apply these concepts, as you analyze and evaluate the different features of Maritime Asia from the pre-modern to the modern period. This course will also allow you to develop and produce new original work in the history of Maritime Asia."
HH4007 - INTERNATIONAL HISTORY OF THE COLD WAR,"This course is about the history of Southeast Asia and the Cold War. It aims to enlighten students on the origins and course of the conflict in the subregion in the global context. It also seeks to help students appreciate the cultural, diplomatic, economic, political, and social impacts of the twentieth century global conflict on Southeast Asia. In addition, the course will analyze the effect that the turn of events in the area had on global and international developments. To those ends, the course will pay particular attention to the multidimensional attempts by external powers to expand their influence in Southeast Asia as well as the ways that peoples within the area furthered their personal and national ends by exploiting, adapting to, and resisting the Cold War powers` involvement in their societies. By studying developments within twentieth century Southeast Asia from global, international, transnational, and national perspectives, therefore, we will discover that inasmuch as external forces had shaped the subregion, Southeast Asians had also made significant impacts on the course of global and international history."
HH4010 - ANTICOLONIAL RESISTANCE IN THE BRITISH EMPIRE,"This course will examine anticolonial thought and movements that were a corollary of the British Empire in the nineteenth and twentieth centuries. We will study the response of colonized peoples to the expansion of the British Empire as it spread across the globe through the means of both formal and informal rule. Further, we will try and understand how anticolonial resistance changed and mutated as the British Empire consolidated itself, and how people effected social and political transformations under conditions of colonialism. Finally, we will examine the dismantling of the British Empire and the lasting legacies of empire that continue to shape the trajectory of postcolonial nation states. This course will be of interest to students of 19th and 20th Century political and intellectual history; methods of comparative study; as well as for those with an interest in working with visual sources, such as films and graphic novels. Finally, students with an interest in developing independent research, writing and critical thinking skills will benefit most from this course. This course will be listed under the category of World History for the BA in History"
HH4046 - THE URBAN COAST,"Coastal cities and towns are amongst the most ancient, connected, and vibrant places in global history. This course explores the urban history of coastal regions around the world from the sixteenth to the twentieth century. It will provide you with an understanding of how hinterland, coastal, and maritime spaces shaped urbanization and urban centres on the water's edge, and vice versa. Moving beyond conventional approaches, the course draws on the concepts, concerns, and questions of both traditional fields, such as environmental history and urban history, and new fields, such as coastal history and oceanic history. You will critique concepts and debates at the cutting edge of these various historical fields. The course is aimed at students keen on deepening their conceptual and historical knowledge of cities and towns in coastal regions, commonly referred to as port cities."
HH4092 - SPECIAL TOPICS IN HISTORY- WORLD HISTORY,"War, as a quintessential part of social existence, attracts scholarship from the humanities and social sciences on issues directly or indirectly related to military conflict. Students of history are not exempt from this study as they conduct research on topics ranging from the military conflicts themselves to their long term impacts. However, the theories behind the actions taken during military conflicts remain a field of study of a niche group of military professionals and strategy researchers only. This situation creates a gap in the theoretical understanding of these military conflicts outside of this niche group. This courses seeks to close this theoretical gap and to explain the theories of modern military conflict from the Napoleonic era to contemporary, through the medium of war movies. Using some of the 20th and 21st century's most iconic war films as a tool will aid student understanding in translating these often complex and abstract theories into practical applications."
"HL0201 - IMAGES OF SINGAPORE: LITERATURE, FILM & CULTURE","This course will consider majors works of literature by Singaporean authors, including Edwin Thumboo, Catherine Lim, Kuo Pao Kun, Haresh Sharma, Gwee Li Sui, Claire Tham, Philip Jeyeratnam, Tan Tarn How and films by Eric Khoo, as well as a wide range of critical essays and commentaries. Students will analyse works by the above authors from a variety of perspectives, in an efforts to evaluate how the artistic community frames images of Singapore."
HC1001 - INTRODUCTION TO THE STUDY OF LITERATURE & CULTURE,"An introductory course to provide students with the understanding of Chinese literature and culture with respect to classical Chinese literary theories and more recent western critical theories. Basic concepts such as the definition of literature and culture, literary genres, themes, the reading of literary and non-literary texts, cross-disciplinary approaches in the studies of literature and culture, etc., will be presented. This is an essential subject serving as the foundation to classical and modern Chinese studies for students reading the Chinese major."
HC1002 - INTRODUCTION TO CHINESE LANGUAGE,"In this course, students will be guided through a survey of the Chinese Language using basic concepts of modern linguistics (such as sound system, word formation, syntax, and meaning). Students will study the nature of the human languages, the social and functional aspects of language and developmental issues with reference to the Chinese Language. The Chinese writing system and dialects of the Chinese will also be introduced."
"HC2001 - DIRECTED READINGS OF LITERARY WORKS: PRE-QIN,HAN,WEI & JIN","This course is a general survey of the literature during the pre-Qin period and Han, Wei and Jin dynasties. The objective of the subject is to introduce students to the major genres and themes of the literature of these periods. Students will acquire the knowledge through guided close reading of selected works by major writers."
"HC2004 - DIRECTED READINGS OF LITERARY WORKS: YUAN, MING & QING",This course will study the literature history from Yuan to Qing dynasty. Students will read and discuss some selected literary works.
HC2005 - GENERAL HISTORY OF CHINA,"This course is a general survey of historical changes and continuities in China from the ancient times to the present, focusing on social, political, and cultural developments of different periods, significance of major historical events and figures, and China's relations with foreign civilizations and countries. This course aims to nurture interest in Chinese civilization and development through enhancing knowledge of various aspects of Chinese history."
HC2006 - INTRODUCTION TO CHINESE HISTORY,"This course is a general survey of historical changes and continuities in China from the ancient times to the present, focusing on social, political, cultural, and intellectual developments of different periods. This course aims to nurture interest in Chinese culture through enhancing knowledge of various aspects of Chinese history. This is the core subject for the first-year students of the Chinese Programme."
HC2031 - CONFUCIAN THOUGHT,This course traces the genesis of Confucian thought in China. It also examines the development of Confucianism in different historical and geographical context. It touches on the important figures that advocated and changed this school of thought and the reasons behind such changes. It introduces students to the major texts of Confucianism and the core thinking of this school of thought. It also explores the impacts that Confucianism brought about to governments as well as people.
HC2032 - DIVISION & INTEGRATION: FROM CHUNQIU TO WUDAI,"Focusing on a period that was characterised by repeated division and integration in Chinese history, this course covers the periods of Spring-Autumn, Warring States, Qing, Han, Wei,Jin, South-North, Sui, Tang, and the Five Dynasties. It discusses, among others, the political institutions, territorial expansion and contraction, economic conditions, social changes, religious development, and cultural transformation and pluralism throughout this period. The influence of the non-Han culture and its interaction with the Han culture will also be explored. This is MPE subject for the second-year students and above of Chinese Program. This course provides you with background knowledge for Chinese literature, philosophy, and overseas Chinese studies in Chinese Program, and further benefits your work and career in sectors of government, education"
HC2063 - CHINESE LITERATURE IN SINGAPORE,"Singapore's Chinese literature has undergone a historical period of one hundred year, and witnessed the historical, social, and cultural developments of modern Singapore. This course, conducted in Chinese, aims to provide you with a detailed introduction of Chinese literary history in modern Singapore from 1919 to present day, and guide you to deeply understand leading texts, socio-cultural context, top writers and literary thoughts of Singapore's Chinese literature."
MS1008 - INTRODUCTION TO COMPUTATIONAL THINKING,Overview of Programming Languages. Basic internal operation of computer. Basic program structure: control constructs and data types. CT concept. Limit of computing. Computing Trends. Social-Ethical Issues and Ramifications of Computing.
MS1016 - THERMODYNAMICS OF MATERIALS,This course aims to acquaint you with the basic concepts and laws of thermodynamics and expose you to how thermodynamics is applied to various classes of materials and related phenomena. Emphasis has also been placed on the connections between thermodynamic concepts and materials phenomena. It is essential for successful materials scientists and engineers to acquire basic knowledge on thermodynamics which is devoted to the study of energy and its transformations.
MS1017 - INTRODUCTION TO MATERIALS SCIENCE,"`Introduction to Materials Science' initiates students to the fascinating world of Materials across different length scales from atoms to devices and applications, starting from a historical perspective of materials developments at the beginning of civilizations to today?s advanced materials powering growth of societies in this modern world. You will gain knowledge in the fundamental aspects of bonding, crystallography, microstructures and phases for the three key classes of material systems, that is, metals, polymers and ceramics. Understand these facets will allow you to design and control the associated materials properties."
MH2811 - MATHEMATICS II,"This course prepares students for the solution and interpretation of practical problems encountered in engineering disciplines with emphasis given to strengthening your problem-solving abilities. This course is target at second year MSE students, and aims at equipping MSE students with the necessary mathematical knowledge in Materials Science and Engineering applications."
MS2012 - INTRODUCTION TO MANUFACTURING PROCESSES,Fundamentals of casting and overview of casting processes. Fundamentals of metal deformation and overview of metal deformation processes. Vacuum deposition processes. Machining and cutting of materials. Powder processing. Overview of polymer processing and electronics materials processing.
MS2014 - MATERIALS STRUCTURE & DEFECTS,"This is one of the core modules for MSE students. It aims to develop your ability to describe materials? crystal structure and defects, and to understand how they affect materials? properties and performance. This course prepares MSE students for their future courses on materials properties, processing, and characterization. The principles learnt from this course will be useful for you in designing / selecting materials in your future career."
MS2015 - MECHANICAL BEHAVIOUR OF MATERIALS,Stress and strain. Elasticity and plasticity: deformation mechanisms. Strengths and failure criteria. Ductile-brittle transition. Materials strengthening. Creep deformation and failure. Fracture and fatigue.
MS2016 - INTRODUCTION TO METALLURGY,"The fundamental understanding of phase transformations in materials is the key for tuning their structure and properties. This course will provide the necessary basic knowledge to relate bonding, diffusion, and temperature (heat treatment) in solids to their evolution of structure (covering aspects of interphase movement and solidification). Emphasis will also be on the thermodynamic concepts behind these different phenomena."
MS2018 - ELECTRONICS & MAGNETIC PROPERTIES OF MATERIALS,"This is an introductory course on solid state physics for the second-year undergraduate students. The objective is to provide a theoretical framework for understanding the electrical, dielectric and magnetic properties of various materials. This course exposes the students to theories relevant to the engineering principles of various materials and devices. The materials design of an electronic or magnetic device is based on the understanding of these basic concepts."
MS2083 - LABORATORY ON STRUCTURE-PROPERTY RELATIONSHIP IN POLYMERS,"To understand the influence of molecular weight on thermal and mechanical properties of polymers. Specifically: 1. To characterize the hydrodynamic size, virial coefficient and estimate the molecular weight using dynamic light scattering (DLS) technique. 2. To understand the concepts behind light scattering technique and Zimm plot. 3. To compound different molecular weight polystyrene (PS) and prepare tensile specimens. 4. To perform differential scanning calorimetry (DSC), thermogravimetric analysis (TGA) and tensile testing on specimens of different molecular weight. 5. To explain the differences observed in the data between the two grades of PS."
MS3082 - DESIGN LAB,"Familiarize materials science students with concepts and digital tools in virtual design engineering. Specifically: - Operate computer aided design (CAD) software towards parts sketching and geometric. - Draft part drawings in multiple views towards fabrication of outsourced prototypes. - Arrange multiple part assemblies, analyze assembly clearances, and create exploded views. - Evaluate and decide materials selections based on applied engineering function and associated loads. - Determine stress/strain measurements through simulations on part interfaces. - Exploit `Design Intent? tools to yield multifunctional products that have optimized material properties under defined loads and stresses. What are the underlying theories/concepts? - Geometric Modelling - Finite Element Analysis - Simulation in Engineering Analysis - Material Selection based on design intent - Prototype via FDM 3D printing - Iterative Virtual/Prototype Testing and Feedback"
MS3011 - METALLIC & CERAMIC MATERIALS,Introduction and classification of engineering metals and alloys. Strengthening mechanisms. Microstructure and heat treatment of ferrous alloys. Mechanical properties of ferrous alloys. Non Ferrous alloys. Engineering ceramics. Functional ceramics.
MS3012 - MICRO/NANOELECTRONIC MATERIALS PROCESSING,Microelectronics Technology Overview. Semiconductor Device Physics. Bulk Crystal Growth. Diffusion and Thermal Oxidation. Ion Implantation & Simulation. Thin Film Deposition. Patterning. Advanced Lithography. Advanced Deposition Techniques. Advanced Devices
MS3013 - ELECTROCHEMICAL CORROSION,"Theory component: 1. Learn how the environmental affects the properties and performance of engineered metallic and ceramic materials. 2. Understand the prevention of the negative environmental effects on metallic and ceramic using electrochemical methods. 3. Master some of the basic principles of corrosion and degradation of metals and alloys. Laboratory component: 4. Understand the principles of electrochemistry and experimental-related set-ups. 5. Use the electrochemical approaches to probe the thermodynamic and kinetic aspects of corrosion, including the rate of corrosion. 6. Master certain software and mathematics in dealing with the experimental data. 7. Link the theoretical knowledge with experimental phenomena. This would be useful for those of you who are interested corrosion engineering of materials applied in material industry."
MS3014 - ANALYSIS OF MATERIALS,This course introduces a broad range of characterization techniques in the following areas: 1. Chemical Analysis 2. Spectroscopy Techniques 3. Basic Imaging Techniques 4. Basic Crystal Structure Analysis 5. Physical Properties Analysis
MS3015 - INDUSTRIAL DESIGN,"This course aims to create an innovative environment that allows students to apply and integrate their theoretical knowledge and skills to solve open-ended real life problems. Students will have the opportunity to work in teams, and to learn how to apply design processes to design and create prototypes for their solutions. Students will be required to produce a short video on their project. Their work will also assessed orally by a panel of judges."
MS4613 - WEARABLE SENSORS FOR HEALTHCARE,"This course is designed to equip our students with in-depth knowledge of wearable sensors for healthcare, and wearable device fabricating, and testing knowledge and skills."
MS4663 - ENGINEERING SOLUTIONS BY DESIGN THINKING,"Through participation in projects involving real human issues, you will experience how the concepts, methods, and sensibilities of design can complement the knowledge, skills, and values of material science engineering to create innovative solutions to complex human problems that are dynamic, multi-perspectival, and multi-stable, and have no unique or determinate solution."
EE4647 - MICROELECTRONIC DEVICES,"This course aims to help you understand and familiarize with the characteristics and principle of operation of the semiconductor devices which include diode, bipolar junction transistor (BJT), metal-oxide semiconductor field effect transistor (MOSFET) and heterojunction devices. The knowledge obtained throughout the course will serve as the stepping stone for students to become an expert in both academia and industry in the field of microelectronics."
MS4012 - QUALITY CONTROL,"Descriptive statistics; Commonly used distributions; Confidence Intervals; Hypothesis testing; Statistical process control; Acceptance sampling and data analysis; Quality costs, management and improvement."
MS4013 - BIOMATERIALS,Introduction to Biomaterials; Biology and Medicine; Biocompatibility; Biological Testing of Materials; Classes of Materials used in Medicine; Applications
MS4014 - NANOMATERIALS: FUNDAMENTALS & APPLICATIONS,"This course aims to provide a comprehensive overview of nanomaterials in terms of the synthesis, characterization, properties, and applications. It will cover the fundamental scientific principles for the different synthesis techniques, assembly of nanostructured materials and, new physical and chemical properties at the nanoscale. Existing and emerging applications will also be discussed through case studies."
MS4610 - ADVANCED BIOMATERIALS,Advanced Medical Ceramics. Fibers and Composites. Biodegradable Materials. Smart Biomaterials. Surface Modifications of Biomaterials. Applications.
MS4620 - POLYMER TECHNOLOGY,"This course is offered to fourth year students. It aims to introduce important additives and processing techniques commonly used in the manufacturing of thermoplastic and thermosetting polymeric products. The effects of fillers and stabilizers on properties of the polymer materials are introduced. Factors affecting polymer processing are being taught which includes basic rheology, the importance of viscoelasticity in polymers, factors affecting polymer flow and flow through die channels of various geometries. Polymer additives, melt rheology and polymer processes."
MS4621 - SELECTED TOPICS ON APPLIED POLYMER MATERIALS,"This is an advanced-level polymer course. The objectives are to provide Materials Engineering students with specialized knowledge on commonly used engineering polymers and polymerization techniques, and train them how to select suitable polymers for different engineering and functional applications."
MS4631 - CORROSION ENGINEERING,"Corrosion in Various Materials. Nonmetallics: Ceramics, carbon and graphite, polymers and plastics. Corrosion in Various Environments. Advanced Corrosion Prevention Technologies. Corrosion Testing and Monitoring Techniques ? Destructive Testing. Corrosion Testing and Monitoring Techniques ? Non-Destructive Testing Radiography."
MS4640 - ADVANCED ANALYSIS OF MATERIALS,"This course focuses on advanced crystallographic techniques, with emphasis in the following topics: Basics of Crystallography Advanced X-ray Diffraction Techniques Advanced Transmission Electron Microscopy Integration of results for nanomaterials analysis"
MS4642 - ADDITIVE MANUFACTURING OF MATERIALS,"The aim of this course is to provide a practical overview of Additive Manufacturing (AM) techniques and the impact of their process flows on the properties of the materials produced. Students will be taught how to critically evaluate the advantages, limitations and material compatibility of each AM technique. The coursework will provide students with the means to select the most appropriate AM technique and optimize the processing parameters for their needs. It will also include recent advances in AM to ensure students stay abreast with the most cutting-edge developments, allowing their knowledge to be relevant and industry-ready upon graduation. This course is most suitable for material scientists and engineers who would like to understand more about the possibilities of material processing through AM and for process engineers and scientists to understand more about the effect of AM processes on the material properties."
MS4651 - THIN FILM TECHNOLOGY,"Thin film deposition techniques. Thin film characterization. Nucleation, growth and microstructural evolution during thin film formation. Thin film properties and application case studies."
MS4660 - FUNDAMENTALS OF INTELLECTUAL PROPERTY IN MATLS SCI & ENG,"This course provides you with a working understanding on significant intellectual property (IP) protection regimes in Singapore, covering copyright, patents, registered design, trade marks and trade secrets and the relevant legislation and legal principles. The central aim of the course is providing students with the ability to identify, differentiate and apply various aspects of these IP regimes in connection with a business's intellectual asset outputs. Particular emphasis will be placed on the legal issues in relation to creation, protection, and exploitation of these intellectual assets. Within this context, the course explores how analysing IP rights protection laws and their considerations can guide a business's IP strategies, and how a business is able to use such IP considerations to assess the viability of potential courses of action and their plausible business implications. A note on the legal cases that are highlighted in the study units: these cases are for illustrative purposes in relation to the legal principles discussed; in general students are NOT expected to be able to recall them or use them in presenting arguments for assessment purposes."
MS4666 - ENVIRONMENTAL DEGRADATION OF PLASTICS,"The course aims to provide a broad overview on the various physical and chemical processes of plastic weathering and the potential harm it may exert to the environment - through the lens of materials scientists. The module is designed to foster and develop student's knowledge of issue pertaining to plastics weathering testing, characterisation, mechanisms of polymer degradation and microplastics pollution. Based on the imparted knowledge, students will be encouraged to be aware and think critically on the societal-environment caused by plastic weathering."
MS4667 - INTRODUCTION TO SUSTAINABLE MATERIALS,"The new course will introduce students to the challenges arising from our increased use of materials through the last century or more. Aspects of developing, using and recycling materials in a sustainable way will be explored through a focus on the five key materials that (arguably) have most impact on the environment: steel, cement, aluminum, plastics and paper. This course will be helpful to students keen on building an understanding of the impacts of materials on the environment and, forward looking, the use of materials in ways to secure a sustainable future. This course will also touch on fundamental skills for students interested in policy, decision making and the application of sustainability concepts to modern life."
MH1100 - CALCULUS I,"This core mathematical course aims to provide an introduction to the fundamental mathematical concepts (functions, limits, continuity, derivatives and integrals). Computation of derivatives (sum, product, and quotient formulas, chain rule, and implicit differentiation), and application of derivatives to optimization problems and related rates of change problems will also be discussed. This course lays the foundation for more advanced studies in mathematics, physics, engineering, and other related subjects. List of key topics taught 1. Functions 2. Limit and limit laws 3. Continuity 4. Derivatives and derivative function 5. Differentiation formulas 6. Trigonometric derivatives and chain rules 7. Implicit differentiation 8. Linear approximation and extreme values 9. Mean value theorem 10. Limit and infinity 11. Curve sketching 12. Optimization and Newton?s method 13. Antiderivatives"
MH1200 - LINEAR ALGEBRA I,"This is a core course for mathematics students and a suitable elective for engineering students. This course provides a grounding on vectors, matrices, and solving systems of linear equations that is fundamental for future mathematics courses and also many practical applications. The course begins by introducing vectors and matrices, and basic operations on them. We then move into the fundamental topic of solving system of linear equations and learn the Gaussian elimination algorithm, an idea that pervades the entire course. In the second half of the course we revisit these ideas in a more abstract way, learning about general vector spaces, linear independence, and the fundamental subspaces associated with a matrix. These ideas are then applied to finding the least squares solution to an inconsistent system of linear equations."
MH1300 - FOUNDATIONS OF MATHEMATICS,"This course aims to develop and equip you with the necessary skills for a mathematically related job. You should demonstrate a basic understanding of fundamental mathematical concepts and processes such as such as formal mathematical proofs. You should also learn the rigorous way to approach mathematical problems and to be familiar with the process of abstracting from examples, as these skills are essential for all future mathematics courses. You should develop critical analytical skills for a career in a mathematical related job. You will acquire the communication skills necessary to communicate technical ideas, both written and verbal, to a broad audience. Content 1. Elementary logic, mathematical statements, quantified statements 2. Sets, operations on sets, Cartesian products, properties of sets 3. Natural numbers, integers, rational numbers, real numbers, complex numbers 4. Relations, equivalence relations, equivalence classes 5. Functions, injective and surjective functions, inverse functions, composition of functions 6. Division algorithm, greatest common divisor, Euclidean algorithm, fundamental theorem of arithmetic, modulo arithmetic"
MH2100 - CALCULUS III,"Calculus III is a core Mathematics course that extends concepts and techniques developed in Calculus I and Calculus II to the case of functions of several real variables. In other words, we try to do the same things as in Calculus I and II, but in higher dimensions. In this course, we shall discuss the notions of limits, continuity, derivatives and integrals of real-valued and vector-valued functions of many variables. Most of the time, extending these familiar notions from one to several variables requires some degree of ingenuity, and we are going to have to spice up the material from Calculus I and II with a little bit of geometry and linear algebra. Techniques learned in Calculus III are essential for financial analysts, engineers, and for further study in mathematics."
PS0001 - INTRODUCTION TO COMPUTATIONAL THINKING,"Computational thinking (CT) is a problem solving process with the aid of computer; i.e. formulating a problem and expressing its solution in such a way that a computer can effectively carry it out. It includes a number of characteristics, such as breaking a problem into small and repetitive ordered steps, logically ordering and analyzing data and creating solutions that can be effectively implemented as algorithms running on computer. As such, computational thinking is essential not only to the Computer Science discipline, it can also be used to support problem solving across all disciplines, including math, science, engineering, business, finance and humanities. The aim of this course is hence to take you from having no prior experience of thinking in a computational manner to a point where you can derive simple algorithms and code the programs to solve some basic problems in mathematics and science in general. In addition, the course will include topics to appreciate the internal operations of a processor, and raise awareness of the socio-ethical issues arising from the pervasiveness of computing technology."
CZ2101 - ALGORITHM DESIGN & ANALYSIS,"This course aims to develop your knowledge, understanding and skills about algorithm design and analysis. Upon the successful completion of this course, students shall be able to (i) apply additional analysis techniques in complexity analysis of recursive algorithms; (ii) apply, design and analyse algorithms using a number of approaches to solve various problems like sorting, shortest-path, minimum spanning tree, optimal sequencing for matrix multiplication, the longest common subsequence, string matching. Students will also learn the concepts of complexity classes P & NP and apply greedy heuristic approach to solve NP-complete problems."
CZ4042 - NEURAL NETWORK & DEEP LEARNING,"This course aims to provide you with a basic but comprehensive foundation of neural networks and deep learning, including underlying principles, architectures, and learning algorithms of various types of deep neural networks that are essential for future applications of artificial intelligence and data science."
IE4476 - IMAGE PROCESSING & COMPUTER VISION,"The objectives of this course are to introduce fundamental concepts and techniques in basic image processing and computer vision and their applications to solve real life problems. The topics covered include Digital Image Fundamentals, Linear and Shift Invariant (LSI) System for Image Processing, Image Transforms, Image Enhancement, Restoration, Nonlinear Image Processing and Morphological Image Processing, Decision theory, Classification and Machine Learning for Computer Vision. Application examples are also included."
MH3300 - GRAPH THEORY,"This course serves as an introduction to graph theory. As well as establishing some of the fundamentals of graph theory, this course aims to exhibit the wide range of applications enjoyed by graphs. The fundamentals of graph theory will be covered in a rigorous manner and you will be introduced to various graph invariants. You will see how these graphs invariants can be use to solve real-world problems. In particular, you will learn how to use graphs to solve scheduling problems, discrete optimization problems, and assignment problems."
MH4320 - COMPUTATIONAL ECONOMICS,"This course aims to introduce you to the fundamental concepts of game theory and mechanism design. Game theory, besides being of fundamental mathematical interest, is a main tool to model economic and strategic situations and then study the behavior of rational agents in such situations. Mechanism design is the study of how to design games (such as auctions) so that agents have incentive to act in a desirable way, e.g. by telling the truth. This course will improve your ability to model and analyze economics situations in a mathematical way. We will study the way rational agents will play games, based on their assumptions about the rationality of other agents. We will learn about the concept of Nash equilibria, which are solutions to games that no rational agent has an incentive to deviate from, and learn how to compute these. In the second part of the course we turn to the problem of social choice, namely choosing from a set of alternatives, given the preferences of a set of players. We will see that many desirable properties of social choice functions cannot be satisfied, and then turn to ways to deal with this issue. The first way is to introduce payments and money-valued preferences, which leads to auction theory and related topics. Here students will learn how to design auctions and other economic mechanisms so that players have no incentive to lie, and to learn how to compute expected revenues. Secondly, we will consider mechanisms that do not allow payments, and study the ways manipulations by the players can be limited in this case. In the second part of the course students will learn how to design economic mechanisms that have certain properties (if possible), and how to judge economic mechanisms, as well as to apply Bayesian reasoning to compute expected outcomes. The course is aimed at 3rd and 4th year students interested in economics, mathematical modelling, and applied math in general."
MH4701 - MATHEMATICAL PROGRAMMING,"This math elective course aims to introduce you to the basic nonlinear optimization models, and the theory and analysis of the algorithms commonly used to solve these models. With the knowledge and skills acquired from analysing standard algorithms for basic nonlinear optimization models, you will be able to extend your understanding and appreciation to other solution algorithms for more general nonlinear optimization models that you will encounter in your professional work, in areas such as statistics, finance, artificial intelligence, logistics, healthcare, etc."
SC2001 - ALGORITHM DESIGN & ANALYSIS,"This course aims to develop your knowledge, understanding and skills about algorithm design and analysis. Upon the successful completion of this course, students shall be able to (i) apply additional analysis techniques in complexity analysis of recursive algorithms; (ii) apply, design and analyse algorithms using a number of approaches to solve various problems like sorting, shortest-path, minimum spanning tree, optimal sequencing for matrix multiplication, the longest common subsequence, string matching. Students will also learn the concepts of complexity classes P & NP and apply greedy heuristic approach to solve NP-complete problems."
SC4001 - NEURAL NETWORK & DEEP LEARNING,"This course aims to provide you with a basic but comprehensive foundation of neural networks and deep learning, including underlying principles, architectures, and learning algorithms of various types of deep neural networks that are essential for future applications of artificial intelligence and data science."
MH3101 - COMPLEX ANALYSIS,"This course is an introduction to the theory of complex variables that is useful in many branches of pure and applied mathematics. Analytic functions of one complex variable, Cauchy-Riemann equations. Contour integrals, Cauchy's theorem and Cauchy's integral formula, maximum modulus theorem, Liouville's theorem, fundamental theorem of algebra, Morera's theorem. Taylor series, Laurent series, singularities of analytic functions. Residue theorem, calculus of residues. Fourier transforms, inversion formula, convolution, Parseval's formula. Applications."
MH3512 - STOCHASTIC PROCESSES,"This course will enable you to analyze random systems and their long-run behavior by the computation of key quantities such as hitting probabilities and mean hitting times. On a more global scale, it aims at training undergraduates to design stochastic models with potential applications in various fields, such as biology, economics, finance, physics, analytics and data science."
MH4311 - CRYPTOGRAPHY,"This course will introduce cryptography and cryptanalysis. Cryptography is applied to protect data confidentiality and to authenticate data. Cryptanalysis is to analyze the security of cryptosystems. The course will cover five types of cryptosystems: symmetric key encryption, symmetric key authentication (message authentication code), hash function, public key encryption and public key authentication (digital signature). The applications of cryptography will be covered, especially the TLS which is widely used to protect the Internet traffic."
MH4518 - SIMULATION TECHNIQUES IN FINANCE,"This course aims to equip you with standard and advanced simulation techniques and cover their applications in finance, including derivatives pricing and risk management. In this course, you will develop skills in modelling and simulating time series data, and based on which you will be able to devise solutions to quantitative finance problems."
MH4700 - NUMERICAL ANALYSIS II,"MAS423 is useful but not essential. This course is to provide numerical solutions of differential equations using finite difference methods and to understand the implementation of the numerical computations using computer software packages such as MATLAB. * Finite difference formulae, consistency of difference schemes, finite difference methods for ordinary differential equations, classification of second-order partial differential equations, first and second order characteristics * Matrix method and von Neumann method for stability analysis, Lax's equivalence theorem for convergence, method of characteristics * Application to heat equation, wave equation and Poisson's equation."
BC2402 - DESIGNING & DEVELOPING DATABASES,"This course introduces participants to design, tools, techniques, and issues concerning the management of data. Data management is the foundation for organizations' business analytics; and for problem solving and decision-making. Participants will analyse a variety of business process, identify data requirements and develop an information system to support business processes and gather information for business analytics. In this course, participants will have an opportunity to apply their design and development competencies by implementing a database solution."
BE1402 - BUSINESS OPERATIONS & PROCESS,"This course seeks to provide business and accountancy undergraduates with a rigorous appreciation of the issues and methodologies necessary for ensuring the competitiveness of the operations function in a firm. The course will be taken by first year business and accountancy undergraduates. The course takes an analytics-based 'process management' viewpoint while addressing a range of strategic and tactical issues. After completing this course, you will be able to understand the key tradeoffs required for designing, managing, and improving operations and processes in both manufacturing and service industries. This will give you a sound analytical background for further courses in Business Analytics Specialization, which in turn will prepare you for a future business career where you will be responsible for either managing operations or its interface with other business functions such as marketing, finance, accounting, human resources, and information technology."
BT2403 - SERVICES OPERATIONS MANAGEMENT,"Services make up over 75% of the Singapore economy both in GDP and in employment, with similar trends across the industrialized and developing/emerging nations within the global economy. However, Distinctive characteristics of services such as their intangibility, perishability, simultaneity, and heterogeneity, present unique challenges for managers in service organizations. The main aim of this course is twofold: to introduce you to the most important aspects and general principles of service management across different industries and economies, following a service-dominant logic on business; to provide you with an understanding and essential knowledge of the analysis, modelling, decision making and implementation for managing the operational issues of a service. Emphasis will be on developing your modelling skills with the use of mathematical tools and techniques to manage service operations. Topics include the service concept and operations strategy, the design of effective service delivery networks, service quality management, managing service inventory, waiting line analysis, capacity planning, and yield management."
BT2404 - SERVICES OPERATIONS MANAGEMENT,"Services make up over 75% of the Singapore economy both in GDP and in employment, with similar trends across the industrialized and developing/emerging nations within the global economy. However, Distinctive characteristics of services such as their intangibility, perishability, simultaneity, and heterogeneity, present unique challenges for managers in service organizations. The main aim of this course is twofold: to introduce you to the most important aspects and general principles of service management across different industries and economies, following a service-dominant logic on business; to provide you with an understanding and essential knowledge of the analysis, modelling, decision making and implementation for managing the operational issues of a service. Emphasis will be on developing your modelling skills with the use of mathematical tools and techniques to manage service operations. Topics include the service concept and operations strategy, the design of effective service delivery networks, service quality management, managing service inventory, waiting line analysis, capacity planning, and yield management."
BU5601 - FUNDAMENTALS OF MANAGEMENT,"As the world becomes more and more complex, technical skills alone are insufficient for the needs of many jobs. To become an accomplished professional in today's workforce, you will need to understand how people behave at work, work well with others, and be able to manage people regardless of whether your job title has the word 'manager' in it! BU8601 is an introductory course for non-business undergraduates to help you understand, think and act like managers. Knowledge and skills gained from this course will help you in any situation where you need to manage yourself and other people. This includes other university courses, final year projects, internship experiences, and eventually your careers."
CZ2007 - INTRODUCTION TO DATABASES,Overview of Database Management Systems (DBMS); Entity-Relationship Data Model; Relational Data Model; Functional Dependencies (FD) and Normalization; Relational Algebra; Structured Query Language (SQL); Storage of Relational Data; Indexing Techniques; Query Processing and Optimization; Transaction Management and Concurrency Control
CZ4041 - MACHINE LEARNING,This course introduces basic concepts and methodologies for machine learning as well as their applications. Clustering. Dimension Reduction. Classification. Decision Theory. Density Estimation. Classifier Evaluation.
MH3510 - REGRESSION ANALYSIS,"This course aims to develop your understanding/grasping of the regression models of summarizing the relationship among variables. Linear regression models are widely used today in business, administration, economics, engineering, and the social, health and biological sciences. You should learn the rigorous way to approach regression models and be able to build regression models for real data."
MH4513 - SURVIVAL ANALYSIS,"The course will introduce statistical methods used to analysis time-to-event data. Time-to-event or failure time data, and associated covariate data can be collected under a variety of sampling schemes and very commonly involves right censoring. The distribution of a time-to-event variable is often characterized in terms of its survival or hazard function. The course will cover fundamentals in survival analysis, with emphasis on statistical principal, methods and real life applications. The course will also motivate students to work closely with data and make inference nonparametrically and/or parametrically in the fields of study."
SC2207 - INTRODUCTION TO DATABASES,Overview of Database Management Systems (DBMS); Entity-Relationship Data Model; Relational Data Model; Functional Dependencies (FD) and Normalization; Relational Algebra; Structured Query Language (SQL); Storage of Relational Data; Indexing Techniques; Query Processing and Optimization; Transaction Management and Concurrency Control
MH4510 - STATISTICAL LEARNING & DATA MINING,"This course gives an overall view of the modern statistical/machine learning techniques for mining massive datasets, ranging from generalized linear models, over model selection, to the state-of-the-art techniques like LASSO, neural networks, etc. This course will not only discuss individual algorithms and methods, but also tie principles and approaches together from a theoretical perspective. Moreover, students can gain a hands-on experience through team project. This course equips students with the necessary skills for being a data analyst."
SC4000 - MACHINE LEARNING,This course introduces basic concepts and methodologies for machine learning as well as their applications. Clustering. Dimension Reduction. Classification. Decision Theory. Density Estimation. Classifier Evaluation.
BA2202 - MATHEMATICS OF FINANCE,"The aim of this course is to equip actuarial science students with the knowledge of the theory and practical applications of the mathematics of finance in the various aspects of actuarial work. Specifically, this course aim to cover topics listed in the IFoA 2019 Curriculum CM1: Section 2-3 and CM2: Section 1-3. Partial credits for exemptions of CM1 and CM2 modules will be given to completion of this course."
BA3202 - ACTUARIAL STATISTICS,"This course covers some major areas of actuarial statistics, the application of probability theory and statistical methods to insurance problems. The topics covered include decision theory, loss distributions, risk models, ruin theory, reinsurance, experience rating, run-off triangles, time series models, generalized linear models, and simulation methods."
MH4511 - SAMPLING & SURVEY,"1. Probability Sampling a Types of Probability Samples b Simple Random Sampling c Estimation of Population Mean, Proportion and Total d Sample Size Estimation e Systematic Sampling 2. Stratified Sampling a Theory of Stratified Sampling b Sampling Weights c Estimation of Population Mean, Proportion and Total d Allocating Observations to Strata e Sample Size Estimation f Defining Strata g Post-stratification 3. Ratio and Regression Estimations a Ratio Estimation b Regression Estimation c Selecting the Sample Size d Relative Efficiency of Estimators 4. Cluster Sampling a One-Stage and Two-Stage Cluster Samplings b Estimation of Population Mean, Proportion and Total c Selecting the Sample Size d Cluster Sampling with Probability Proportional to Size 5. Sampling with Unequal Probabilities a One-Stage Sampling with Replacement b Two-Stage Sampling with Replacement c Unequal-Probability Sampling without Replacement 6. Nonresponse a Effects of Ignoring Nonresponse b Call backs and Two-Phase Sampling c Weighting Methods for Nonresponse d Imputation"
MA2071 - LABORATORY EXPERIMENTS (ME),"The 10 experiments consist of: E2.1 Effects of cutting parameters on surface roughness of turned parts E2.2 Study of fan performance using dimensional analysis E2.3 Energy balance in a compressor E2.4 Dimensional measurement of components E2.5 Two-dimensional strain measurement E2.6 Frictional losses in pipes and fittings E2.7 Refrigeration cycle experiment E2.8 Non-destructive testing E2.9 Balancing of rotating masses E2.10 Torsion of cylindrical shafts For the 10 experiments, each student will submit nine log-sheets (on the same day) and one Technical Report (within 1 week)."
MA3002 - SOLID MECHANICS & VIBRATION,"This course introduces mechanics skills in analysing deformation and failure of structures and materials. It introduces some advanced topics in mechanics, such as energy methods, fracture and fatigue. The second part of the course introduces the mathematical modelling and solution method for vibration problems. It introduces topics on free vibration, forced vibration, resonance, and transient responses for a single-degree-of-freedom system and a two-degree-of-freedom system."
MA3004 - MATHEMATICAL METHODS IN ENGINEERING,"This course covers introductory material on PDEs, FEM and CFD and is arranged in three parts. The first part covers classification of PDEs and typical analytical methods for solving them. The second part covers basic finite element concepts and typical applications in solid mechanics. The third part covers basic concepts in CFD with a focus on finite volume methods."
MA3005 - CONTROL THEORY,"This course will cover the following topics: A brief introduction to control theory, a revision of Laplace transforms, Mathematical Modelling, Transient and Steady Responses, Analysis and Design using Root Locus and Frequency Response Methods."
MA3010 - THERMODYNAMICS & HEAT TRANSFER,"Second law and entropy. Entropy balance for closed systems and steady state control volumes. Ideal gas mixtures and psychrometrics. Heat transfer: conduction, convection and radiation."
MA3071 - ENGINEERING EXPERIMENTS (ME),"Code Title P3.1 Unsymmetric Bending P3.2 Behaviour of Composite Beam P3.3 Stiffness and strength of Irregular-shaped Beam P3.4 Ultimate Load.Of A Beam Under Bending P3.5 Machine Vibration analysis and Fault Recognition P3.6 Vibration Testing.Of Multiple..DOF Systems P3.7 Control Of Vibration P3.8 Vibration Of A 4 Cylinder Engine P3.9 CAD/CAM and CNC P3.10 Plastic Injection Moulding P3.11 Thermo-forming P3.12 Design for manufacture and assembly P3.13 Performance evaluation of milling operations P3.14 Evaluation of surface finish produced by various methods P3.15 Product disassembly P3.16 Design and construction of an analogue PID controller P3.17 Real Time Control & AI Prog of robot beetle P3.18 Motion control of a ball screw system P3.19 A study of servo-hydraulic system P3.20 Liquid level control P3.21 Study of industrial motor characteristics P3.22 Combined heat transfer by free convection and radiation P3.23 Gas Turbine P3.24 Flow over an aerofoil section P3.25 Compressible flow P3.26 Fan Characteristics for differ P3.27 Thermal radiation unit P3.28 Forced convection in tubes P3.29 Convective Heat Transfer P3.30 Film and dropwise condensation E3.1 Dynamic Vibration Absorber E3.2 Vibration of a 2-DOF System E3.3 Computer Modelling, Simulation and Control of an Electromechanical System E3.4 Control Of A Dc Servomotor E3.5 Heat Exchanger E3.6 Transient Heat Conduction"
MA4001 - ENGINEERING DESIGN,"The course aims to introduce to you the engineering design process, the role of designers and the systematic engineering design process (including product definition, conceptual, embodiment and detailed design) through a design project. You will learn to creatively sketch out engineering/product ideas and produce engineering drawings to the relevant standards and communicate effectively design ideas and solutions. You will also practice basic theories and design calculations of machine elements and learn to apply the following: (a) Machine elements and components appropriately in a design project. (b) PLC technology in the control of the mechanical system in the design of the product. (c) Systematic procedures in the selection of materials in the design of the product. (d) Tools for the product cost estimation in the design of the product."
MA4832 - MICROPROCESSOR SYSTEMS,"Fundamental of microprocessor architecture. Concepts and techniques of memory organisation, stacks and the use of interrupts. Data representation and operation. Programming. Timers and I/O operations. Basic and display electronics. Interfacing to digital devices."
MA4856 - NAVAL ARCHITECTURE & MARINE ENGINEERING,"This course introduces Ship Layout & Stability, Ship Structural Strength, Ship Resistance, Ship Propulsion, Marine Power Plants, Advanced Power Plant Technologies, and Ship Service Systems."
MA4858 - PRODUCT DESIGN,"This course encourages students to identify potential areas where new technologies can offer solutions to user needs. It seeks to develop in the student an understanding of how by identifying user needs and applying the principles of human-centric design, new products can be developed. In order to ascertain how people actually use products the students will do hands-on research by observing potential users, conducting user surveys and analyzing the results. From this data the students will develop and refine their product design ideas. The students are encouraged to look at emerging technologies that could be incorporated into their design solutions. The course culminates in a project where students learn to ideate, design, develop using 3D CAD techniques and create working/non-working prototypes (dummy models) that meets the needs and fits the ergonomic requirements of the user. In doing so the incorporation of emerging technologies in an appropriate and innovative manner is also addressed."
MA2014 - PRODUCT PRESENTATION,"The course contains 26 hours allocated to lectures and 26 hours allocated to weekly assignments to reinforce learning of the skills of product presentation, which comprises drawing and model-making. Students will be assessed based entirely on coursework."
MA4011 - ENGINEERING PRODUCT DESIGN,"The course aims to introduce to you the engineering design process, the role of designers and the systematic engineering design process (including needs finding, product planning and definition, conceptual, embodiment and detailed design) through a product design project. You will learn to creatively sketch out engineering/product ideas and produce engineering drawings to the relevant standards and communicate effectively design ideas and solutions. You will also practice basic theories and design calculations of machine elements and learn to apply the following: (a) Machine elements and components appropriately in a product design project. (b) PLC technology in the control of the mechanical system in the design of the product. (c) Systematic procedures in the selection of materials in designing a product. (d) Tools for the product cost estimation in designing a product."
MA2012 - INTRODUCTION TO MECHATRONICS SYSTEMS DESIGN,"The lecture parts of course will introduce the concept of mechatronics and the elements of mechatronics system or product. It will also dwell on the basics of motors, sensors, methods of interfacing them to an embedded processor, and the various forms of inputs and output devices that allow for human interface in addition to automation. Tutorials are to be conducted in laboratory where students are given exercises to implement and practiced. It involves the use of bread boards for development of interfacing circuits and inputs and output devices. Students are required to complete a group project where they are to design, fabricate and demonstrate your product to the class."
MA4012 - MECHATRONICS ENGINEERING DESIGN,"The objectives of the course for you to gain: a. experience `real world' mechatronics engineering by undertaking a mechatronics design project group assignment that will develop your engineering creativity, inventiveness and to develop a deeper insight to great Mechatronics System design. b. relevant employable skills in mechatronics design engineering, execute systematic engineering design process (including product specification, conceptual design, embodiment design, detailed design, software programming, control, and hardware, sensors, logic and system performance optimization.) The lecture and tutorials will impart the necessary knowledge and information to perform great mechatronics engineering design."
BU5101 - ACCOUNTING: A USER PERSPECTIVE,"This course is designed for non-business and non-accounting students. The course aims to equip you with basic accounting skills and knowledge that are essential for making informed judgments and decisions to meet challenges of the real world. You will learn fundamental concepts and techniques in financial and managerial accounting, through solving business problems. In the process, you will be exposed to the environment of accounting and its role in providing useful information for decision making by various stakeholders of business organisations."
HW0208 - ACADEMIC COMMUNICATION IN THE SOCIAL SCIENCES,"The aim of this course is to teach relevant academic communication skills specificall related to the field of Social Sciences. In this course you will learn how to read and write about Social Sciences research, and you will have the opportunity to write up a short research report and to present research relevant to their academ ic discipline. The course materials have been designed in order to match the particular needs of Social Sciences students at NTU."
MT0001 - SHIPPING & THE ENVIRONMENT,"To provide students with an understanding of various operating environments in shipping. An in-depth study into the impacts of shipping and shipping related activities on the global environment, both sea and air; learning what the industry is doing and can improve further to reduce these impacts. The course will also look into sustainable development goals and align with UN2030 SDGs."
MT1001 - MATHEMATICS I FOR MARITIME STUDIES,"Function and graph. Limits and continuity. Mathematics of finance: interest, geometric series, investment appraisal. Differential. Optimization of business functions. Indefinite and definite integrations. Application of integrals in business and economics. Partial and total differentiation. Production function analysis. Double integrals. Applications of double integrals in ship technology."
MT1003 - TRADE PRACTICE & INCOTERMS,"Importance of sale contract and the contract with the carrier, Inter-modal and multi-modal transports, Agreements of sale and purchase, Incoterms 2000 or latest version, Methods of Payment of freight, Characteristics and bills of lading - liability and limitations, Risk and insurance of vessels and cargo, Basic Chartering and Ship Broking Terms, Legal aspects and some commercial aspects of chartering contracts, Carriage of Goods by Sea e.g. Hague Rules, Hague/Visby Rules, Carrier's Liabilities and Limitations, Exceptions, Defences available, Burden of Proof."
MT2002 - SHIPPING ECONOMICS,Maritime trade and cargo. Shipping market. Market cycle. Supply and demand. Freight and cost structure. Tramp shipping. Liner shipping.
MT2003 - MARITIME TECHNOLOGY,"Introduction to ship hydrostatics and buoyancy. Forces on plane surfaces and location of centre of buoyancy. Longitudinal and transverse stability and free surface effects. Trim. Introduction to fictional resistance and wave making resistance. Hull strength, powering and model testing. Identifying different ship types."
MT4002 - ESSENTIALS OF PROJECT MANAGEMENT,"Purposes of Project Management, Project process, selection/estimating. Project organization. Project planning and scheduling. Project control and monitoring. Tools and methodology. Project closure/termination."
MT4001 - SHIPPING LOGISTICS,Key logistics activities. Total cost concept. The supply chain system. Shipping value chain. Just-in-time concept. Risk pooling. Logistical strategic partnerships. Bullwhip effect. Global logistics. Current trends in shipping logistics. Logistics arms of shipping-related companies.
MT4101 - INTERMODAL TRANSPORTATION,"Concepts and operational specifics of commercial intermodal transportation pertaining to freight movement. Intermodal services, terminals, equipment and information systems. Interactions between individual modes and intermediaries. Advantages and disadvantages of intermodalism. Intermodal operations management. Business strategies for intermodal management."
MT4104 - INFORMATION TECHNOLOGY MANAGEMENT,"Introduction to Technology Applications. E-Commerce and E-Business Concepts. Personal Technology Use. Enterprise Systems Technology and Infrastructure: The Wired World. Technology Convergence. Disruptive Technologies. Technical Solutions and Standards. Building E-commerce Solutions. Managing Business Value of Information Technology and E-commerce. E-commerce and Consumer Behavior. E-commerce and Technology Use. Ethical, Social and Political Issues. Testing and Evaluating E-commerce Solutions."
BF2227 - COMMODITY MARKETS,"The course aims to give students a solid understanding of commodities markets with primary focus on agriculture, metals and minerals and energy and chemicals. It focuses on fundamental concepts and terminology necessary for understanding commodity production, transportation, economics and marketing. It also educates students in trading technology trends and innovation and look into sustainability challenges and legal aspects."
BF2302 - INTERNATIONAL TAX & TRADING LAW,"BF2302 International Tax and Trading Law introduces students to key income tax and legal concepts and principles of international taxation and trade law. Particular emphasis will be placed on the international tax and legal implications of the international trading of commodities. Relevant case law, the interpretation and application of tax treaties and recent international tax developments, including the OECD's Base Erosion and Profit Shifting (BEPS) Action Plan, will also be covered in the course. The Law segment will cover legal issues of international commercial transactions."
"BF3212 - TRADE, STRUCTURED & SUPPLY CHAIN FINANCE","This course aims to complements other learning obtained in respect of commodity trading, maritime arrangements and legal aspects. Together with the afore-mentioned topics, this course fills essential learning needs for aspirants seeking entry into careers in international trading and commercial banking. You will also learn about products, concepts & practices routinely applicable to the financing of international trade transactions"
BF3214 - COMMODITIES TRADING,"This course aims to prepare you for a career in the global commodities markets by introducing you to global commodity market conventions, supply chains, risk management and investment techniques. It will also give you an understanding of the key industry participants and their role across the commodity supply chain. You will also gain valuable insight into market conventions, terminology and best practices in risk management."
BF3226 - STRATEGIC MANAGEMENT IN COMMODITY MARKET,"The aim of this course is to provide students with a good understanding of the important blocks of leadership, crisis management, and sustainability to be successful in commodity trading and commodity markets."
BF2218 - COMMODITY MARKETS,"The course aims to give students a solid understanding of commodities markets with primary focus on agriculture, metals and minerals and energy and chemicals. It focuses on fundamental concepts and terminology necessary for understanding commodity production, transportation, economics and marketing. It also educates students in trading technology trends and innovation and look into sustainability challenges and legal aspects."
BF3213 - ENTERPRISE RISK MANAGEMENT IN COMMODITY MARKETS,"All organizations (especially commodities / energy trading organizations) face a wide range of enterprise risks. This course provides: i) an overview on the range of key risks that continue to challenge these firms ii) how to assess and identify existing and emerging risks facing these firms iii) how to maintain an effective risk management framework to monitor and manage such risks iv) Overview and analysis of basic risk management techniques Managing risk has never been so complex and regulated in a commodities / energy trading organization. Everyone in an organization (trading or non-trading, client facing traders/marketers or finance/IT teams) is expected to understand and manage risk across an organization. Anyone aspiring to have a career in trading, risk management or a job in a trading organization would find value in this course."
HS1003 - SOCIAL PROBLEMS IN A GLOBAL CONTEXT,"This course introduces students to sociological theories, methods, and research through an examination of selected social problems in a global context. ""Social problems"" refers to sets of social conditions, arrangements, and practices whose resolution, or mere existence, social actors deem important. ""Social problems"" are social in two ways. First, social problems are constituted through human interaction. Second, social problems are socially defined and thus the meaning and significance of social problems may be contested. There are some social problems that pose practical (if different) challenges for us all. This course introduces sociological perspectives on social problems relating to poverty and inequality, work and occupations, social welfare, and the constitution and role of government."
HY3010 - PHILOSOPHY OF SCIENCE,"This course is an introduction to the philosophy of science, a major sub-field of philosophy. Philosophy of science is concerned with understanding the nature of science, and it intersects with other sub-fields of philosophy such as metaphysics, epistemology, and ethics. The first part of the course will focus on major theories about the nature of science, including those of the logical empiricists, Karl Popper, and Thomas Kuhn. The second half of the course will examine a variety of topics within contemporary philosophy of science, which may include: social studies of science, science and values, the ethics of science, scientific realism, as well as the application of philosophy of science to problems in the science of well-being, climate science, and other fields. By taking this course, you will gain a nuanced understanding of how science produces knowledge, as well as the ability to think critically about the status and role of science in society."
HY3012 - PHILOSOPHY OF TECHNOLOGY,"This course is an introduction to the philosophy of technology. Through examination of a variety of perspectives on the nature and significance of technology, you will gain a greater understanding of the place of technology in society and its effects on human individuals and societies."
HG2002 - SEMANTICS & PRAGMATICS,This is an introductory course to semantics. The main focus will be on the following areas: development of semantics approaches to semantics tools for semantic analysis
HS1001 - PERSON & SOCIETY,"This introductory course explores what it means to develop the 'sociological imagination'. Moving beyond an understanding of the biological basis of behaviour, the course develops a perspective of the human person located in 'society' - within webs of social relationships and institutional forms of social organisation. Social life is governed by norms and constraints, but individuals as social actors also 'make history' and exercise choice in their lives. In addition, the course develops a comparative understanding of the diversity of societal forms and cultural traditions in human history, especially the key features of modern life and its continued transformation in contemporary times."
HS2001 - CLASSICAL SOCIAL THEORY,"This course examines the theoretical foundations of sociology as a discipline. It focuses on the key ideas and perspectives developed by classical social theorists in their analyses of basic features of social life, the making of modern society and the consequences of modernity. In particular, the contributions of major thinkers such as Karl Marx, Emile Durkheim, and Max Weber are discussed against the backdrop of the social and intellectual contexts of their times. In understanding the pivotal influence of such contributions on the development of the discipline, the subject also considers their continuing relevance for analysing social change in the contemporary world."
HG4011 - LANGUAGE & THE BRAIN,"In this course we will examine how language is represented and learnt in the brain. Cutting-edge findings from state of the art techniques using functional neuroimaging and lesion studies will be reviewed to enable students to understand the workings of the human brain in relation to language use. Specific aspects of language processing such as meaning representation, speech perception and learning, learning disabilities as well as the bilingual brain will be introduced. Basic neuroanatomy will also be covered to enable students to pursue further studies. This course introduces functional neuroimaging at an advanced level."
MH2802 - LINEAR ALGEBRA FOR SCIENTISTS,"This course aims to support you in acquiring a wider range of mathematical concepts related to vector spaces and linear algebra, while also developing a strong set of mathematical skills for upper-level Physical and Computing Science courses. Through a mathematical approach to problem-solving, you will have the opportunity to develop thinking, reasoning, communication, and modelling skills. Additionally, the course aims to help you connect ideas within mathematics and apply mathematical principles in the context of Physical and Computing Science courses. Ultimately, this course seeks to provide an experience that fosters an appreciation for the rigour and abstraction in the discipline."
PH1198 - PHYSICS LABORATORY IA,"This course aims to: a. build a basic understanding of experimentation, data handling and error treatment. b. begin building your basic observational skills and analysis of experimental results. c. show how experiments further knowledge in physics."
PH2102 - ELECTROMAGNETISM,"By the end of the course, you will be able to understand the fundamental principles of electromagnetism. Through tutorials, you will learn the relevant analytical, computational and mathematical skills such as partial differential equations and the physical concepts behind the equations/solutions. These skills and concepts are the essential for the advanced courses such as electrodynamics and fluid mechanics."
PH2103 - THERMAL PHYSICS,"The course aims to equip you with the basic concepts in Thermal Physics. You will develop physical intuition and analytical skills which are important for studying physical systems and solve problems involving temperature, heat and energy. These knowledge and skills are at the basis of subsequent higher-level courses and are critical in the engineering profession."
PH2104 - ANALYTICAL MECHANICS,This course aims to equip you with the basic concepts and problem solving skills in Analytical Mechanics. You will develop physical intuition and analytical skills which are important for studying physical systems and solve problems involving mechanical systems. This knowledge and skills lay the foundation for other physics courses such as quantum mechanics and photonics.
PH2198 - PHYSICS LABORATORY IIA,"This course will train students in experimental physics covering a wide variety of topics: Electromagnetism, thermal physics, solid state and materials physics."
PH3101 - QUANTUM MECHANICS II,"Most introductory courses or books in QM start off with special systems (for example infinite square well) and derive its wave function in position representation from the Schrodinger?s equation. Although this approach may be intuitive due to its physical setup, it tends to give the wrong impression that wave functions are fundamental objects in QM. In actual fact, wave functions are just the different representations of the state (ket in Dirac notation) of the system. One can always choose other representations or even not choose a representation. This course aims to unteach wave mechanics and free you of particular representations and work with the formalism directly. You will explore the logical development of Quantum Mechanics (QM) formalism and develop QM systematically from finite to infinite dimensions in three parts. Part 1 aims to give a complete and systematic run-down of basic quantum kinematics and quantum dynamics so that you have a working understanding of quantum mechanics for finite-dimensional and infinite dimensional systems. The concept of measurement will also be covered. This provides probabilistic results for experiments. Part 2 aims to discuss symmetry within QM. Rotational symmetry (angular momentum is the generator of rotations) is the main and very important example. The rotational symmetry in Hydrogenic atoms will also be discussed, which will also introduce you to 3D QM. Part 3 adds on to the formalism for systems that cannot be solved exactly. These are real-life QM examples and the standard method to solve these systems is via perturbation for time-independent/dependent and non-degenerate/degenerate systems."
PH3102 - CONDENSED MATTER PHYSICS I,"This course surveys foundational concepts in solid state systems including the structure of materials as well as the motion and dynamics of electrons in material systems. The course will equip students with an essential conceptual framework to parse fundamental electronic phenomena in crystalline materials, as well as a toolkit of effective models and approximations to perform simple calculations for materials. In particular, the course aims: A. To build the basic concepts of structure and properties of crystalline solids and the collective behaviour of electrons and atoms in materials B. To demonstrate how solid state theory is built up from a variety of experimental data C. To acquire fundamental and qualitative understanding about different materials. D. To build analytical skills through problem-solving E. To provide foundational knowledge for a more advanced treatment of solid state physics"
PH3199 - PHYSICS LAB IIIA,This course aims to: a. build a basic understanding of experimentation in advanced topics of Physics. b. provide foundation knowledge for experimental physics. c. build observational skills of physical phenomena. d. prepare you for project based work in physics.
PH3103 - TECHNOLOGICAL APPLICATIONS OF QUANTUM MECHANICS,"Quantum Mechanics is the foundation of many areas of physics and countless modern technologies. This course serves as an introduction to three main areas built on modern quantum mechanics: (1) atomic and molecular physics, (2) condensed matter physics and (3) nuclear physics. Students will be exposed to the basic concepts of each subject, supported by ample examples and applications. By the end of the course, students are expected to form a deeper understanding of both the theory of quantum mechanics and how it is connected to real life."
PH3403 - ASTROPHYSICS & COSMOLOGY,"This is a first course in cosmology which covers various astrophysical phenomena and fundamental aspects of standard cosmology. The required background tools such as Special and General Relativity are covered to make the module self-contained. The astrophysics topics covered include properties and structure of stars; stellar evolution and end-stage stellar remnants; binary systems and coalescing binaries which emit gravitational waves; gaseous interstellar medium; and basic properties of galaxies. Then we will expand to the entire universe and discuss about its evolution which is known as cosmology. The topics covered in cosmology include the discussion of the cosmological principle that leads to the derivation of the Friedmann-Robertson-Walker (FRW) metric. Then the kinematics and dynamics of the FRW metric will be discussed and the course closes with the problems in the FRW model and a brief mention of the solutions by postulating an inflationary era during the early evolution of the universe. Throughout this course, you will also appreciate the multi-disciplinary nature of this subject."
PH4403 - SURFACES & INTERFACES,"This course is targeted at physics students in their fourth year. It aims at introducing key concepts in surface and interface science, with a focus on electronics structures. The course will provide an overview of interfacial phenomena and relevant applications, introduce their underlying physical principles, and aims to build the analytical skills to describe these phenomena mathematically. Topics include the thermodynamics of surface phenomena, Schottky barriers and band offsets in semiconductors, band engineering, and analytical techniques such as photoemission. This course thus will equip you with the relevant concepts of modern science and technology that will prepare you to follow or initiate research in the field or to work in industry jobs related to applied nanoscience and technology."
PH4408 - NUCLEAR PHYSICS,"This course aims to provide a basic understanding of the structure of nuclei and their properties, with a strong focus on linking theory with experimental observations of nuclear behaviour. The course will provide an overview of the basic properties of the nucleus and its structure; introduce the nuclear models developed to explain the properties of the nucleus; aims to quantitatively describe the energy balances and spin/parity selection rules of alpha, beta and gamma decay processes in radioactivity; as well as to familiarize one with the applications of nuclear physics including fusion and fission. This course will thus equip you with the fundamental concepts that will provide you the foundation for advanced studies in nuclear physics and particle physics or prepare you to follow or initiate research in field or to work in industry jobs related to nuclear science and technology."
PH4411 - INTRODUCTION TO EXPERIMENTAL PARTICLE PHYSICS,"This course is a survey of particle physics for advanced undergraduate and beginning graduate students. It explores the common roots and tools of the nuclear (medium energy) and particle (high energy) fields. The main objective is to develop an understanding of the Standard Model of quarks, leptons and the fundamental interactions of the universe together with the associated experimental techniques. Specific topics include an introduction to the fundamental interactions and their mediators, quarks and leptons, symmetries and tests of conservation laws, and indications of physics beyond the Standard Model. The course in particular includes experimental techniques in particle physics, including the physics principles of particle accelerators and particle detectors. The lectures on particle accelerators will include selected topics in the types of accelerators, transverse & longitudinal dynamics, the lattice, magnets, RF and plasma acceleration, as well as electron dynamics & synchrotron radiation. The particle detector lectures will include a presentation of the main properties of particle interactions with matter, which form the basis of all particle detectors. The various types of detectors used in particle physics experiments are discussed in detail, including their sensitivity, detector response, energy, space and time resolution response functions, detector efficiency and dead time, covering devices for position and momentum measurements, particle identification systems, calorimeters and multipurpose systems, as well as the overall design of a particle physics experiment. Current and future experimental challenges will be discussed for modern particle physics experiments, including the data volume and computing challenge, the online collision selection, and the data analyses - taking the Large Hadron Collider (LHC) experiments at CERN as an example. . The application of such accelerators and detectors, for example in the medical and industrial sectors, will be discussed as well."
RE0003 - COMMUNICATING AS A 21ST CENTURY ENGINEER,"`Communicating as a 21st Century Engineer' aims to help students in the Renaissance Engineering Programme to become highly skilled communicators. You will explore in depth how to use language appropriately and effectively, in varied academic and professional contexts, to achieve desired purposes with different audiences. While the course focuses on how to write and present dynamic technical proposals and reports, you will learn important general principles that you can apply to other forms of written and spoken communication. An important aspect of the course is that you will learn how to learn about effective communication on your own. This will involve you learning how to read, analyse and respond critically to a range of texts from engineering and other disciplines. The course also covers non-verbal aspects of communication, such as the use of graphics, as well as ethical dimensions of academic and professional communication."
RE2011 - RENAISSANCE DESIGN I,"This course is the first of two parts to an integrated engineering innovate-and-design curriculum which aims to introduce a systematic engineering design process to students and provide a design project experience to develop your design skills. The course therefore aims to provide you with an understanding of customer needs, product/design specifications, design concept generation, various design methodologies, aesthetics and industrial design, visual/graphic communication for promoting their designs, and the application of computer-aided tools to the design/evaluation/manufacturing process of products/systems."
CS5060 - INTRODUCTION TO ADVERTISING,"This is a general education elective course that will introduce you to the principles and practices of advertising including marketing communication and public relations. You will learn about the sources of change and trends in the industry; the business of advertising management; the application of media strategy and the nature of consumer behaviour; socio-economic implications as well as media ethics. Local examples shall be used to illustrate the development in this evolving business practice. This course covers the principles and practices of advertising. It also covers related aspects of marketing communications and public relations. Students will learn about the sources of change and trends in the industry, the business of advertising management, the application of media strategy and the nature of consumer behavior, socio-economic implications as well as media ethics."
CE2002 - OBJECT ORIENTED DESIGN & PROGRAMMING,"The object-oriented paradigm to the design of software is one major successful approach to address complexity and maintainability issues in software systems. We want students to establish an object-oriented mindset and to gain valuable insights into how software can be developed using the object-oriented approach. This course should not be interpreted to be a pure programming language course. Rather, the programming language serves to illustrate, via practical examples, the concepts learnt in the course. As a student of this course, you will learn essential object-oriented concepts such as encapsulation, the separation of design from implementation, the use of inheritance and polymorphism. Finally, you will also learn good design principles for reuse, and to realise these principles using object-oriented programming languages such as Java and/or C++."
CZ2002 - OBJECT ORIENTED DESIGN & PROGRAMMING,"The object-oriented paradigm to the design of software is one major successful approach to address complexity and maintainability issues in software systems. We want students to establish an object-oriented mindset and to gain valuable insights into how software can be developed using the object-oriented approach. This course should not be interpreted to be a pure programming language course. Rather, the programming language serves to illustrate, via practical examples, the concepts learnt in the course. As a student of this course, you will learn essential object-oriented concepts such as encapsulation, the separation of design from implementation, the use of inheritance and polymorphism. Finally, you will also learn good design principles for reuse, and to realise these principles using object-oriented programming languages such as Java and/or C++."
HS1002 - SINGAPORE SOCIETY IN TRANSITION,"Beginning with a broad perspective on the historical formation of Singapore, from its premodern roots, through its evolution as a colonial society, and then its fast-paced development as a modern nation-state in Southeast Asia, this subject develops a holistic analysis of fundamental features of Singapore as a 'society'. The course examines the making of 'Singaporeans' and 'Singapore culture'. The patterns of social order and dynamics of social change are understood by focusing on the relationships between political rule, economic structure, and cultural life."
HS2008 - SOCIAL CLASS & INEQUALITY,"Social divisions are found within all societies, whether in relation to wealth, status, or power. In particular, this course examines theories of social class, the dynamics of class formation and the ""reproduction"" of class along the lines of education, occupation, and lifestyle - involving unequal access to not only economic capital but also cultural capital or symbolic capital. The course also discusses poverty, gender inequality, racial discrimination, the ""digital divide"" and other forms of social exclusion and marginalization in contemporary society."
HS2009 - SOCIOLOGY OF THE LIFE COURSE,"This course is an introduction to the life course approach, and how it is applied to social science. With the help of several concepts and principles, the life course perspective helps us understand how societies and individuals change over time. It gives us a framework to examine various factors (e.g., historical, social) that affect us as we grow older; both in the continuities of life, and in the twists/turns that may happen to us along the way. It shows us that our lives are interconnected, but also that disparities between social groups can grow over time. In addition, we will briefly explore some methodological tools that can help us evaluate these processes. The class schedule is divided into three broad parts. In the first part of the course, we will learn about the key principles of the life course perspective and how they can be applied empirically. In the second part, we will explore different drivers of societal change over time, and learn to discriminate between them. Finally, in the third part, we will explore select topics that are crucial to life course analysis, such as the integration of biomarkers in life course research."
HS2011 - ETHNICITY & ETHNIC RELATIONS,"This course develops an understanding of ethnicity as a social concept and phenomenon in which group boundaries are defined and maintained on the basis of inherited or acquired cultural characteristics (e.g., language and customs). In particular, it considers the relationship between ethnic identity and minority status in plural or multicultural societies, especially in relation to racism or other forms of discrimination. The course also examines patterns of ethnic integration, ethnic conflict and the politics of identity in different societies, especially in light of flows of new immigrants from global diasporas."
HS2022 - POPULATION & SOCIETY,"This course provides a comprehensive introduction to the sociological study of population. Beginning with a discussion of the significance of changing demographic patterns within nation-states and in the global context, we consider the development of population science and major theories of demographic change. Special attention is given to 'the demographic transition' and the causes and consequences of population growth in developed and developing countries. In understanding population dynamics, we focus on basic aspects of demographic structure and composition and analyze their implications for ethnic, gender, class and inter-generational relations. Population growth and distribution are also studied in relation to fecundity and fertility, morbidity and mortality, and migration."
AB2008 - CAREERS FUTURE FORWARD,"This course will help you in your career development journey and prepares you for your future career. You will understand yourself better, realise your strengths and plan and map your career aspirations. Through this course, you will also have a broader understanding of the diverse industries, market requirements and current and future job trends. You will also learn how to stand out on LinkedIn, build your brand and be equipped with networking skills to engage employers and the business community for internships and job opportunities."
AC2101 - ACCOUNTING RECOGNITION & MEASUREMENT,"This course equips students with a strong conceptual and technical knowledge of the recognition, measurement and disclosure of the financial statement elements, namely, assets, liabilities, equity, revenue and expenses."
AC2104 - ASSURANCE & AUDITING,"This course provides students with an in-depth understanding of key assurance concepts and methodologies, as well as develops the skills and attitudes needed to effectively and efficiently conduct financial statements audits and other assurance services. This course aims to inculcate in students' critical knowledge, skills and attitudes that an effective assurance professional should possess, and emphasizes active learning at both individual and group levels through project work, seminar discussions and activities. Critical skills that are developed and reinforced through the various course activities include problem solving and decision making, critical thinking, research, communication, teamwork and interpersonal skills. Important attitudes and values that this course aims to impart include professional values and ethics, social responsibilities, receptiveness to differing views, professional skepticism and a passion for proactive self-learning."
AC2301 - PRINCIPLES OF TAXATION,"This course aims to provide you with a framework to understand the structure of the Singapore income tax and the goods and services tax, to enable you to obtain a working knowledge of key tax concepts and principles, and to instil an awareness in you of the impact that taxes may have on the decision-making processes of businesses and individuals. At the end of the course, you should be able to apply the tax laws to ascertain the tax treatment of common business and personal transactions, and to devise appropriate strategies for the minimization of tax costs."
"BE2602 - MANAGEMENT PRINCIPLES, SKILLS & COMPETENCIES","Management Principles, Skills and Competencies is a comprehensive introductory course on the management process from a manager's perspective, with particular emphasis on the skills, competencies, techniques, and knowledge needed to successfully manage an organization. This course explores the basic concepts and processes of management. You will examine the fundamental roles and processes of planning, leading, organizing, and controlling that comprise the managers' role. It focuses on the entire organization from both a short and long-term perspective for strategic vision, setting objectives, crafting a strategy, and then implementing it. This course will enable you to develop short and long-range plans to effectively accomplish organizational goals. You will develop skills related to the manager's function as required in today's competitive environment. This course examines the logic and working of organizations. It also investigates how organizations develop and maintain competitive advantage within a changing business environment influenced by political, economic, social, technological, legal and environmental [PESTLE] factors. The course content is organized around the four `pillars' of management viz. planning, organizing, leading and control [POLC] for systematic understanding of management-related challenges and applying conceptual tools and techniques in analyzing, evaluating, and addressing management issues1. This course is for undergraduate students to be equipped with fundamental management principles, its application aspects and the essential managerial skills to be a future ready business leader"
CE2100 - PROBABILITY & STATISTICS FOR COMPUTING,"This course aims to develop your foundation in engineering mathematics, particularly in probability and statistics. This course provides the basic engineering mathematics foundation that is necessary for anyone pursuing a computer science and engineering degree course."
CE2107 - MICROPROCESSOR SYSTEM DESIGN & DEVELOPMENT,"This core engineering course aims to develop your understanding of the architecture of a microprocessor system and the software development process of a microprocessor based embedded system. The course will expose you to various design and application considerations involved in developing the software and hardware. This includes power management, signal chain handling, memory interfacing and finite state machine design. All of which will be applied in the laboratory sessions using a microprocessor based robotic hardware as the platform."
CE4003 - COMPUTER VISION,Image formation and segmentation. Image acquisition. Image representations and organisations. Digital image characterisation. Image enhancement and restoration. Image coding and data compression. Geometry for 3D vision. Pattern recognition using neural networks. Image analysis and understanding. Machine vision applications.
CE4010 - APPLIED CRYPTOGRAPHY,"Summary: Cryptography is the foundational building block of Cybersecurity and Privacy. While the field of classical cryptography dealt with security and privacy of data in transit, the modern take on the subject has generalized the scope of its applications to ensuring security and privacy of all forms of digital communication, computation, automation, interaction, transaction and preservation. Thus, it is important to understand the technical aspects of cryptography to appreciate its applications in cybersecurity. The Aim: This cryptography course in Computer Science and Engineering aims to develop your ability to understand how cryptographic algorithms work, to identify the problems associated with the application of cryptography in real-world scenarios, and explain the operation of various cryptographic mechanisms. This course will equip you to know deeply the fundamentals of symmetric key ciphers, hash functions and public key ciphers, enabling you to understand and develop secure cryptography solutions in real life cryptography. It will also introduce you to popular cryptographic libraries and APIs for hands-on implementation of security mechanisms, and some prominent cryptographic standards, guidelines and frameworks from the industry and government bodies."
CE4016 - ADVANCED TOPICS IN ALGORITHMS,"This course aims to develop your ability to identify key structural components in algorithms, problems and domains alike, and to exploit them to create provably computationally efficient solutions. This course builds on basic skills obtained in the pre-requisite 'Algorithm Design and Analysis' course to provide you with intricate, elegant and actionable algorithmic design patterns; and develop your skill in exploiting salient problem features to facilitate computation. Algorithms and designs presented in this course were at the beginning of multiple disciplines that now dominate the IT industry, and serve as a stepping stone for your further development for such roles as an algorithms engineer/developer or an applied researcher in computer technologies."
CE4022 - WIRELESS & MOBILE NETWORKS,"This course builds upon the foundation network knowledge gained from core courses on Computer Networks (CE3005/CZ3006/SC2008). It aims to introduce students to the realm of mobile networks and communications made possible through wireless technologies. It provides a straightforward and broad survey of wireless voice and data network standards and technologies available today for personal communications. It is designed for those taking an entry-level wireless and mobile technology course or seeking better knowledge of wireless communications and networks. The topics include the technologies being harnessed in Bluetooth and Bluetooth Low Energy to Wifi to cellular telephony and mobile data to 5G wireless technologies to satellite internet and satellite communications. The course content thus spans wireless personal networks (WPAN), wireless local area networks (WLAN) and wireless wide area networks (WWAN)."
CE4023 - ADVANCED COMPUTER NETWORKS,"Building upon earlier courses (CE3005 or CZ3006), this subject aims to bring students into the realm of real inter-networking. The subject consists of two complementary components. On one hand, several application layer protocols are to be explained, along with their requirements on the underlying networks. One the other hand, practical network design and management methodologies will be introduced; they aim at meeting the application requirements. Emphasis is mostly placed on the practical use and construction of networks, with a bias toward multimedia applications. Advanced materials, such as, peer-to-peer networking will also be covered to prepare the students well for the future career in advanced computer networks."
CE4031 - DATABASE SYSTEM PRINCIPLES,"Database management systems (DBMS) are designed to manage large and complex data sets. The fundamentals of the implementation of database management systems must be understood by all Computer Science students. This will help students to develop and design software systems utilizing databases and equip students with the knowledge of managing data of large scale. Moreover, this should be understood by current and future business leaders so that they can offer strategic guidance based on an informed understanding of database business capabilities. This course provides the basis for achieving this goal."
CE4041 - MACHINE LEARNING,"Overview of machine learning and its applications; Decision Theory and Bayes Models; Classifier Evaluation; Classification: Decision trees, artificial neural networks, linear and kernelized support vector machines, K-nearest neighbour classifiers, linear regression and its kernelized extension; Ensemble Learning; Clustering; Dimension Reduction; Density Estimation; Graphical Models; Applications"
CE4042 - NEURAL NETWORK & DEEP LEARNING,"This course aims to provide you with a basic but comprehensive foundation of neural networks and deep learning, including underlying principles, architectures, and learning algorithms of various types of deep neural networks that are essential for future applications of artificial intelligence and data science."
CE4045 - NATURAL LANGUAGE PROCESSING,"This course introduces natural language processing at a basic level. 1. Basic concepts of syntax, semantics, and grammar formalisms 2. Basic techniques of language modelling, part-of-speech tagging, parsing, and semantic analysis 3. Well-known applications of natural language processing, such as machine translation and information extraction, and their evaluations"
CE4062 - COMPUTER SECURITY,"This course aims to equip you with foundational knowledge on many important security issues and techniques required for cyber security. You will have the knowledge of different security policies and security models, and have the ability to recognise security features and discover pitfalls in computing systems, including the operating system and software."
CE4064 - SECURITY MANAGEMENT,"This course introduces security management at an elementary level. The list of topics includes: 1. What is security and why is it necessary? 2. Wecurity management - systems, models and frameworks. 3. Internal control, audit and security. 4. Risk analysis. 5. Business continuity planning. 6. Information security, governance and the law."
CE4070 - CYBER THREAT INTELLIGENCE,"This course aims to introduce Cyber Threat Intelligence as a concept and teach students the approach and different techniques for managing and processing Cyber Threat Intelligence - from collections to prioritization of assets and to better leverage tactical, operational, and strategic-level threat intelligence as well as to better comprehend, synthesize, and leverage cyber threat intelligence to respond to different cyber situations."
CE4153 - BLOCKCHAIN TECHNOLOGY,"Blockchain Technology has taken the world by storm with its proliferation in an astoundingly diverse array of applications. Cryptocurrencies and a plethora of business use-cases paved the way for inclusive decentralization through innovative incentives and smart contracts. In its modern incarnation, Blockchain offers the promise of immutability, consistency, attribution, authenticity and automation of record-keeping as well as computations within an inherently decentralized operating environment. This elective course in Computer Science and Engineering aims to introduce you to the core technical framework of Blockchain Technology and Cryptocurrencies, encompassing distributed systems, consensus protocols, incentive mechanisms and decentralized applications. You will also learn the major anonymity, security, privacy, scalability and interoperability issues in modern Blockchain, in addition to the relevant enterprise platforms, solutions, applications and regulatory aspects of the technology."
SC2000 - PROBABILITY & STATISTICS FOR COMPUTING,"This course aims to develop your foundation in engineering mathematics, particularly in probability and statistics. This course provides the basic engineering mathematics foundation that is necessary for anyone pursuing a computer science and engineering degree course."
SC2107 - MICROPROCESSOR SYSTEM DESIGN & DEVELOPMENT,"This core engineering course aims to develop your understanding of the architecture of a microprocessor system and the software development process of a microprocessor based embedded system. The course will expose you to various design and application considerations involved in developing the software and hardware. This includes power management, signal chain handling, memory interfacing and finite state machine design. All of which will be applied in the laboratory sessions using a microprocessor based robotic hardware as the platform."
SC3010 - COMPUTER SECURITY,"This course aims to equip you with foundational knowledge on many important security issues and techniques required for cyber security. You will have the knowledge of different security policies and security models, and have the ability to recognise security features and discover pitfalls in computing systems, including the operating system and software."
SC3030 - ADVANCED COMPUTER NETWORKS,"Building upon earlier courses (SC2008), this subject aims to bring students into the realm of real inter-networking. The subject consists of two complementary components. On one hand, several application layer protocols are to be explained, along with their requirements on the underlying networks. One the other hand, practical network design and management methodologies will be introduced; they aim at meeting the application requirements. Emphasis is mostly placed on the practical use and construction of networks, with a bias toward multimedia applications. Advanced materials, such as, peer-to-peer networking will also be covered to prepare the students well for the future career in advanced computer networks."
SC4010 - APPLIED CRYPTOGRAPHY,"Summary: Cryptography is the foundational building block of Cybersecurity and Privacy. While the field of classical cryptography dealt with security and privacy of data in transit, the modern take on the subject has generalized the scope of its applications to ensuring security and privacy of all forms of digital communication, computation, automation, interaction, transaction and preservation. Thus, it is important to understand the technical aspects of cryptography to appreciate its applications in cybersecurity. The Aim: This cryptography course in Computer Science and Engineering aims to develop your ability to understand how cryptographic algorithms work, to identify the problems associated with the application of cryptography in real-world scenarios, and explain the operation of various cryptographic mechanisms. This course will equip you to know deeply the fundamentals of symmetric key ciphers, hash functions and public key ciphers, enabling you to understand and develop secure cryptography solutions in real life cryptography. It will also introduce you to popular cryptographic libraries and APIs for hands-on implementation of security mechanisms, and some prominent cryptographic standards, guidelines and frameworks from the industry and government bodies."
SC4011 - SECURITY MANAGEMENT,"This course aims to develop your ability to identify the problems associated with (cyber and information) security management and understand using case studies that to effectively address them, one needs to design solutions that encompass multiple dimensions, including technology, people, processes and (internal as well as external) regulations. This course provides an introductory but broad perspective of cyber and information security, and is relevant for anyone pursuing a career in the IT/ICT industry ? including those in product design and development, security engineering, penetration testing, network/system administration, as well as, given the proliferation of IT in all walks of our lives, in executive roles across industries and government."
SC4016 - CYBER THREAT INTELLIGENCE,"This course aims to introduce Cyber Threat Intelligence as a concept and teach students the approach and different techniques for managing and processing Cyber Threat Intelligence ? from collections to prioritization of assets and to better leverage tactical, operational, and strategic-level threat intelligence as well as to better comprehend, synthesize, and leverage cyber threat intelligence to respond to different cyber situations."
SC4030 - WIRELESS & MOBILE NETWORKS,"This course builds upon the foundation network knowledge gained from core courses on Computer Networks (CE3005/CZ3006/SC2008). It aims to introduce students to the realm of mobile networks and communications made possible through wireless technologies. It provides a straightforward and broad survey of wireless voice and data network standards and technologies available today for personal communications. It is designed for those taking an entry-level wireless and mobile technology course or seeking better knowledge of wireless communications and networks. The topics include the technologies being harnessed in Bluetooth and Bluetooth Low Energy to Wifi to cellular telephony and mobile data to 5G wireless technologies to satellite internet and satellite communications. The course content thus spans wireless personal networks (WPAN), wireless local area networks (WLAN) and wireless wide area networks (WWAN)."
SC4040 - ADVANCED TOPICS IN ALGORITHMS,"This course aims to develop your ability to identify key structural components in algorithms, problems and domains alike, and to exploit them to create provably computationally efficient solutions. This course builds on basic skills obtained in the pre-requisite 'Algorithm Design and Analysis' course to provide you with intricate, elegant and actionable algorithmic design patterns; and develop your skill in exploiting salient problem features to facilitate computation. Algorithms and designs presented in this course were at the beginning of multiple disciplines that now dominate the IT industry, and serve as a stepping stone for your further development for such roles as an algorithms engineer/developer or an applied researcher in computer technologies."
SC4053 - BLOCKCHAIN TECHNOLOGY,"Blockchain Technology has taken the world by storm with its proliferation in an astoundingly diverse array of applications. Cryptocurrencies and a plethora of business use-cases paved the way for inclusive decentralization through innovative incentives and smart contracts. In its modern incarnation, Blockchain offers the promise of immutability, consistency, attribution, authenticity and automation of record-keeping as well as computations within an inherently decentralized operating environment. This elective course in Computer Science and Engineering aims to introduce you to the core technical framework of Blockchain Technology and Cryptocurrencies, encompassing distributed systems, consensus protocols, incentive mechanisms and decentralized applications. You will also learn the major anonymity, security, privacy, scalability and interoperability issues in modern Blockchain, in addition to the relevant enterprise platforms, solutions, applications and regulatory aspects of the technology."
SC4061 - COMPUTER VISION,Image formation and segmentation. Image acquisition. Image representations and organisations. Digital image characterisation. Image enhancement and restoration. Image coding and data compression. Geometry for 3D vision. Pattern recognition using neural networks. Image analysis and understanding. Machine vision applications.
CZ1103 - INTRODUCTION TO COMPUTATIONAL THINKING & PROGRAMMING,"Computational thinking (CT) is the process of analysing a problem then designing and expressing its solution in such a way that a computer can effectively carry it out. It includes a number of characteristics, such as breaking a problem into small and repetitive ordered steps, logically ordering and analyzing data and creating solutions that can be effectively implemented as programs running on computer. The aim of this course is hence to take students with no prior experience of thinking in a computational manner to a point where you can derive simple algorithms and code the programs to solve some basic problems in your domain of studies. Student will also learn about basic program construct and simple data structures. In addition, the course will include topics to appreciate the internal operations of a processor."
CZ1104 - LINEAR ALGEBRA FOR COMPUTING,"This course aims to support you to learn mathematical concepts related to linear algebra. You will develop set of mathematical skills for applications in computer science and engineering, e.g., machine learning, computer graphics, data science etc."
CZ1106 - COMPUTER ORGANISATION & ARCHITECTURE,Computer Hardware Decomposition; Solid-state memory subsystems; Magnetic memory; Input/Output techniques; The central processor unit; How high level code is `executed'; Quantifying and comparing performance; Computer arithmetic; Towards higher speed.
CZ1107 - DATA STRUCTURES & ALGORITHMS,"This course aims to (i) teach the concepts, implementations and applications of data structures such as arrays, linked lists, stacks, queues and trees that are important for building efficient algorithms; (ii) provide an introduction to algorithm analysis and design. These are essential for future computer science and computer engineering courses."
CZ1113 - PHYSICS FOR COMPUTING,"Course Content Optics, Electrics, Electronics, and Magnetism. Learning Outcome Upon completion of the course, students should be able to: a. Explain basic knowledge of all the selected topics b. Identify the contribution of physics in some computing systems c. Realize and appreciate the interdisciplinary nature of many innovative systems d. Self-reflect whether you are more aware of the importance of Physics and more sensitive to the progress of physics, and consider to propose novel physics-computing systems"
CZ2100 - PROBABILITY & STATISTICS FOR COMPUTING,"This course aims to develop your foundation in engineering mathematics, particularly in probability and statistics. This course provides the basic engineering mathematics foundation that is necessary for anyone pursuing a computer science and engineering degree course."
HE1001 - MICROECONOMICS I,"The Singaporean Government is increasingly engaging the public, and as economists we are responsible for contributing towards better public decisions. This is especially important as good public policy processes place value on social impact, seeks to understand the behavior of Singapore's diverse society, and makes sense and use of increasingly abundant behavioral data. As the Singaporean economy gets more advanced and complex, and citizens get better educated and informed, we rely on decisions strengthened by sound economic thinking. The economist must move towards more rigorous reasoning across the levels of household, corporate, and public choice. In this course we apply fundamental microeconomic principles complemented by behavioral economics to various current everyday concerns in Singapore. The course aims to deliver a progressive and rigorous introduction to basic concepts and models of microeconomics, applied to current trends local and global. Microeconomics is one of the three core pillars of an Economics major. This is an important module that will serve as a prerequisite for almost all major PE modules. The first part of the course covers the theory of individual decision-making in consumption, risk and labor. The second part of the course covers the theory of firms making production decisions when operating under various market structures, in particular price discrimination with market power and strategic interactions between firms. This course will also expose students to new developments in the field of microeconomics which have now come to assume a central role, in particular behavioral economics. Students will learn basic theories that can be abstract and simple but yet so relevant and powerful in explaining decision problems in our everyday lives. On the one hand, it will give students with either no previous economics training a chance to close the gap with those with a stronger background. On the other hand, it will give everyone a chance to appreciate microeconomics in action right from the start of their education at NTU - a feature that is surprisingly amiss in many Economics undergraduate programs worldwide."
HE1002 - MACROECONOMICS I,"The course aims to provide first-year college students with a sound understanding on the structure and functioning of the economy as a whole. As you are taking an introductory course, you are not expected to have any prior knowledge in economics. Instead, the principles you learn from this course will provide a solid foundation and develop a strong interest for your further study of intermediate and advanced macroeconomics."
MH1812 - DISCRETE MATHEMATICS,"This course serves as an introduction to various topics in discrete mathematics. Familiarity with formal analysis through simple problems in some basic discrete structures is a key objective rather than knowing these structures in depth. Specifically, the main aim is to learn topics from the following broad areas of discrete mathematics: number theory, logic, combinatorics, and graph theory. This course aims to provide students with a solid mathematical foundation and is intended for first year computer science and computer engineering students."
SC1003 - INTRODUCTION TO COMPUTATIONAL THINKING & PROGRAMMING,"Computational thinking (CT) is the process of analysing a problem then designing and expressing its solution in such a way that a computer can effectively carry it out. It includes a number of characteristics, such as breaking a problem into small and repetitive ordered steps, logically ordering and analyzing data and creating solutions that can be effectively implemented as programs running on computer. The aim of this course is hence to take students with no prior experience of thinking in a computational manner to a point where you can derive simple algorithms and code the programs to solve some basic problems in your domain of studies. Student will also learn about basic program construct and simple data structures. In addition, the course will include topics to appreciate the internal operations of a processor."
SC1004 - LINEAR ALGEBRA FOR COMPUTING,"This course aims to support you to learn mathematical concepts related to linear algebra. You will develop set of mathematical skills for applications in computer science and engineering, e.g., machine learning, computer graphics, data science etc."
SC1005 - DIGITAL LOGIC,"This course aims to develop your ability to analyse and design digital circuits. The design and behaviour of modern digital equipment (e.g. mobile phones and personal computers) are based on functions of binary variables. This course provides you the knowledge to analyse the theoretical characteristics and the skills required for practical technology driven implementations of digital circuits. This course provides an introductory perspective of digital circuits design. It is relevant for anyone pursuing a career in the ICT industry - including those in digital systems, computer architecture and microprocessor based systems design."
SC1006 - COMPUTER ORGANISATION & ARCHITECTURE,Computer Hardware Decomposition; Solid-state memory subsystems; Magnetic memory; Input/Output techniques; The central processor unit; How high level code is `executed?; Quantifying and comparing performance; Computer arithmetic; Towards higher speed.
SC1007 - DATA STRUCTURES & ALGORITHMS,"This course aims to (i) teach the concepts, implementations and applications of data structures such as arrays, linked lists, stacks, queues and trees that are important for building efficient algorithms; (ii) provide an introduction to algorithm analysis and design. These are essential for future computer science and computer engineering courses."
SC1013 - PHYSICS FOR COMPUTING,"Course Content Optics, Electrics, Electronics, and Magnetism. Learning Outcome Upon completion of the course, students should be able to: a. Explain basic knowledge of all the selected topics b. Identify the contribution of physics in some computing systems c. Realize and appreciate the interdisciplinary nature of many innovative systems d. Self-reflect whether you are more aware of the importance of Physics and more sensitive to the progress of physics, and consider to propose novel physics-computing systems"
CE2003 - DIGITAL SYSTEMS DESIGN,"Review of Hardware Description Languages; Real-World Arithmetic; Control and Datapath design; Register Transfer Level (RTL) design in Verilog; Digital Design on FPGAs; Testbenches and Testing Strategies; Using design in registers, counters, shift registers, synchronous and asynchronous reset"
CZ2005 - OPERATING SYSTEMS,"This course aims to develop your understanding of fundamental concepts and principles of modern operating systems, and to build your knowledge on the design and implementation of main operating system components."
CZ2006 - SOFTWARE ENGINEERING,Introduction to Software Engineering; Software Engineering Process; Introduction to Requirements; Introduction to Software Specifications; Software Design and Construction; Testing and Integration; Software Maintenance; Software Project Management; Software Quality; Dependability and Security
SC2002 - OBJECT ORIENTED DESIGN & PROGRAMMING,"The object-oriented paradigm to the design of software is one major successful approach to address complexity and maintainability issues in software systems. We want students to establish an object-oriented mindset and to gain valuable insights into how software can be developed using the object-oriented approach. This course should not be interpreted to be a pure programming language course. Rather, the programming language serves to illustrate, via practical examples, the concepts learnt in the course. As a student of this course, you will learn essential object-oriented concepts such as encapsulation, the separation of design from implementation, the use of inheritance and polymorphism. Finally, you will also learn good design principles for reuse, and to realise these principles using object-oriented programming languages such as Java and/or C++."
SC2005 - OPERATING SYSTEMS,"This course aims to develop your understanding of fundamental concepts and principles of modern operating systems, and to build your knowledge on the design and implementation of main operating system components."
SC2006 - SOFTWARE ENGINEERING,Introduction to Software Engineering; Software Engineering Process; Introduction to Requirements; Introduction to Software Specifications; Software Design and Construction; Testing and Integration; Software Maintenance; Software Project Management; Software Quality; Dependability and Security
SC3060 - COMPUTER GRAPHICS & VISUALISATION,Foundation mathematics for computer graphics; Visual rendering pipeline; Virtual reality Modelling Language (VRML) and Extensible 3D (X3D); Geometric shapes; Transformations and motions; Visual Appearance; Rendering
SC3061 - HUMAN COMPUTER INTERACTION,Introduction; Usability and application spaces; Guidelines and principles for text-based interactions; Hardware devices for interaction; Development processes and assessments; Software tools in user interface development; Interaction styles; Practical UI development concepts; Design Issues
CE3103 - EMBEDDED PROGRAMMING,"This course aims to teach you how to develop programs for OS based embedded systems that are increasingly been used in many modern embedded systems, ranging from handphones to automotive applications. In this course, you will first learn about the process of developing multitasking programs for embedded systems based on RTOS, its features and its performance metric. You will then learn the programming techniques used in Linux based systems, ranging from the use of toolchain (GCC, Makefile and Linker Script), concurrent programming techniques (IPC, multitasking and multithreading), kernel modules development and its booting process."
CZ2003 - COMPUTER GRAPHICS & VISUALISATION,Foundation mathematics for computer graphics; Visual rendering pipeline; Virtual reality Modelling Language (VRML) and Extensible 3D (X3D); Geometric shapes; Transformations and motions; Visual Appearance; Rendering
CZ2004 - HUMAN COMPUTER INTERACTION,Introduction; Usability and application spaces; Guidelines and principles for text-based interactions; Hardware devices for interaction; Development processes and assessments; Software tools in user interface development; Interaction styles; Practical UI development concepts; Design Issues
CZ3001 - ADVANCED COMPUTER ARCHITECTURE,"Processor System Design: CPU interfaces, clock, control, data & address bus; System firmware. The CPU Architecture: including ISA, compiler relationship, control, pipelining, hazards, CISC/RISC/VLIW and issues of ILP. Memory Systems: cache, virtual memory systems and the MMU, access methods, reliability, error detection/correction. Performance Enhancements: superscalar; branching issues, multithreading, scalability, co-processors and enhancement units. Interfacing and Communications: I/O fundamentals, interrupts and interfacing, buses, protocols and arbitration. Computer Arithmetic: range, precision, real numbers, floating point and conversion, multi-precision arithmetic Multiprocessing: multiprocessing architectures and interconnections, shared memory and coherence, memory solutions Future directions: low power computing; testing, JTAG, system-on-chip and multi-core implementations, embedded systems issues, comparison of computational on CPU, DSP, FPGA and GPU."
CZ3002 - ADVANCED SOFTWARE ENGINEERING,"Building upon software engineering and design concepts covered in Software Engineering (CZ2006), this course aims to introduce advanced software engineering management topics to you including Quality Management, Project Management, Configuration Management, and Maintenance, according to the Software Engineering Body of Knowledge."
CZ3004 - MULTIDISCIPLINARY DESIGN PROJECT,"Seminars and Workshops - Throughout the MDP, students will be required to attend relevant seminars and workshops that would help them understand the process and tools for designing, developing and marketing of real-world multidisciplinary products. These include both general and technical seminars. General seminars may cover topics such as guided innovation, multidisciplinary problem solving, working effectively in engineering teams, understanding effective marketing strategies, project management, professional, ethical and moral responsibilities etc. Technical seminars and workshops will be related to specific engineering methodology and tools that can help students implement their respective ideas. These may include systems engineering and design, large-scale web systems, embedded systems development tools, etc. In their implementation, students will have to factor in appropriate considerations for public health and safety, cultural, societal factors, environmental and other constraints as well as the needs for sustainable development. Laboratories - Laboratory during MDP will be a mixed of guided and open accessed sessions. Teams - Students will be grouped into teams of about 6-7 member. The composition of these team members will consist of a multidisciplinary mix of CS, CE and BCG students. Supervision - Each team will be assigned a faculty mentor during the MDP."
CZ3005 - ARTIFICIAL INTELLIGENCE,"Computer / software engineers are involved in effective and efficient building of knowledge agent systems that satisfy the requirements of users; possibly software for intelligent embedded and intelligent information systems. General awareness of theory, knowledge, and practice in all phases of the knowledge based systems and representation techniques for problem solving are necessary for those of you who wants to get into the field artificial intelligence. These are advanced intelligent systems that are finding widespread applications in finance, banking, manufacturing industries."
CZ3006 - COMPUTER NETWORK,"This course serves as a foundation for computer and communication networks. Emphasis is placed on concepts, protocols and technologies, which formulate various Local Area Networks (LANs), Wide area Networks (WANs), and their interconnections. Emphasis is also placed on the fundamentals of the Internet, and includes laboratory sessions on socket programming. Advanced materials, such as, cloud computing, will also be covered to prepare you well for your future career."
CZ3007 - COMPILER TECHNIQUES,
CZ4031 - DATABASE SYSTEM PRINCIPLES,"Database management systems (DBMS) are designed to manage large and complex data sets. The fundamentals of the implementation of database management systems must be understood by all Computer Science students. This will help students to develop and design software systems utilizing databases, and equip students with the knowledge of managing data of large scale. Moreover, this should be understood by current and future business leaders so that they can offer strategic guidance based on an informed understanding of database business capabilities. This course provides the basis for achieving this goal."
CZ4062 - COMPUTER SECURITY,"This course aims to equip you with foundational knowledge on many important security issues and techniques required for cyber security. You will have the knowledge of different security policies and security models, and have the ability to recognise security features and discover pitfalls in computing systems, including the operating system and software."
CZ4070 - CYBER THREAT INTELLIGENCE,"This course aims to introduce Cyber Threat Intelligence as a concept and teach students the approach and different techniques for managing and processing Cyber Threat Intelligence - from collections to prioritization of assets and to better leverage tactical, operational, and strategic-level threat intelligence as well as to better comprehend, synthesize, and leverage cyber threat intelligence to respond to different cyber situations."
CZ4124 - DATA VISUALISATION,"The data visualisation course aims to provide computer science-oriented students with the principles and practice to design and present effective data visualisation solutions for different datasets and visualisation objectives. The course focuses on applying design considerations which take into account the human's visual and psychological characteristics, with the goal of designing effective and ethical visuals. The course also introduces students to the large variety of techniques and tools for visualising, exploring and interacting with both abstract and scientific data."
SC2008 - COMPUTER NETWORK,"This course serves as a foundation for computer and communication networks. Emphasis is placed on concepts, protocols and technologies, which formulate various Local Area Networks (LANs), Wide area Networks (WANs), and their interconnections. Emphasis is also placed on the fundamentals of the Internet, and includes laboratory sessions on socket programming. Advanced materials, such as, cloud computing, will also be covered to prepare you well for your future career."
SC2079 - MULTIDISCIPLINARY DESIGN PROJECT,"Seminars and Workshops - Throughout the MDP, students will be required to attend relevant seminars and workshops that would help them understand the process and tools for designing, developing and marketing of real-world multidisciplinary products. These include both general and technical seminars. General seminars may cover topics such as guided innovation, multidisciplinary problem solving, working effectively in engineering teams, understanding effective marketing strategies, project management, professional, ethical and moral responsibilities etc. Technical seminars and workshops will be related to specific engineering methodology and tools that can help students implement their respective ideas. These may include systems engineering and design, large-scale web systems, embedded systems development tools, etc. In their implementation, students will have to factor in appropriate considerations for public health and safety, cultural, societal factors, environmental and other constraints as well as the needs for sustainable development. Laboratories - Laboratory during MDP will be a mixed of guided and open accessed sessions. Teams - Students will be grouped into teams of about 6-7 member. The composition of these team members will consist of a multidisciplinary mix of CS, CE and BCG students. Supervision - Each team will be assigned a faculty mentor during the MDP."
SC3000 - ARTIFICIAL INTELLIGENCE,"Computer / software engineers are involved in effective and efficient building of knowledge agent systems that satisfy the requirements of users; possibly software for intelligent embedded and intelligent information systems. General awareness of theory, knowledge, and practice in all phases of the knowledge based systems and representation techniques for problem solving are necessary for those of you who wants to get into the field artificial intelligence. These are advanced intelligent systems that are finding widespread applications in finance, banking, manufacturing industries."
SC3040 - ADVANCED SOFTWARE ENGINEERING,"Building upon software engineering and design concepts covered in Software Engineering (SC2006), this course aims to introduce advanced software engineering management topics to you including Quality Management, Project Management, Configuration Management, and Maintenance, according to the Software Engineering Body of Knowledge."
SC3050 - ADVANCED COMPUTER ARCHITECTURE,"Processor System Design: CPU interfaces, clock, control, data & address bus; System firmware. The CPU Architecture: including ISA, compiler relationship, control, pipelining, hazards, CISC/RISC/VLIW and issues of ILP. Memory Systems: cache, virtual memory systems and the MMU, access methods, reliability, error detection/correction. Performance Enhancements: superscalar; branching issues, multithreading, scalability, co-processors and enhancement units. Interfacing and Communications: I/O fundamentals, interrupts and interfacing, buses, protocols and arbitration. Computer Arithmetic: range, precision, real numbers, floating point and conversion, multi-precision arithmetic Multiprocessing: multiprocessing architectures and interconnections, shared memory and coherence, memory solutions Future directions: low power computing; testing, JTAG, system-on-chip and multi-core implementations, embedded systems issues, comparison of computational on CPU, DSP, FPGA and GPU."
SC4024 - DATA VISUALISATION,"The data visualisation course aims to provide computer science-oriented students with the principles and practice to design and present effective data visualisation solutions for different datasets and visualisation objectives. The course focuses on applying design considerations which take into account the human's visual and psychological characteristics, with the goal of designing effective and ethical visuals. The course also introduces students to the large variety of techniques and tools for visualising, exploring and interacting with both abstract and scientific data."
SC4242 - COMPILER TECHNIQUES,
CZ4003 - COMPUTER VISION,Image formation and segmentation. Image acquisition. Image representations and organisations. Digital image characterisation. Image enhancement and restoration. Image coding and data compression. Geometry for 3D vision. Pattern recognition using neural networks. Image analysis and understanding. Machine vision applications.
CZ4010 - APPLIED CRYPTOGRAPHY,"Summary: Cryptography is the foundational building block of Cybersecurity and Privacy. While the field of classical cryptography dealt with security and privacy of data in transit, the modern take on the subject has generalized the scope of its applications to ensuring security and privacy of all forms of digital communication, computation, automation, interaction, transaction and preservation. Thus, it is important to understand the technical aspects of cryptography to appreciate its applications in cybersecurity. The Aim: This cryptography course in Computer Science and Engineering aims to develop your ability to understand how cryptographic algorithms work, to identify the problems associated with the application of cryptography in real-world scenarios, and explain the operation of various cryptographic mechanisms. This course will equip you to know deeply the fundamentals of symmetric key ciphers, hash functions and public key ciphers, enabling you to understand and develop secure cryptography solutions in real life cryptography. It will also introduce you to popular cryptographic libraries and APIs for hands-on implementation of security mechanisms, and some prominent cryptographic standards, guidelines and frameworks from the industry and government bodies."
CZ4016 - ADVANCED TOPICS IN ALGORITHMS,"This course aims to develop your ability to identify key structural components in algorithms, problems and domains alike, and to exploit them to create provably computationally efficient solutions. This course builds on basic skills obtained in the pre-requisite 'Algorithm Design and Analysis' course to provide you with intricate, elegant and actionable algorithmic design patterns; and develop your skill in exploiting salient problem features to facilitate computation. Algorithms and designs presented in this course were at the beginning of multiple disciplines that now dominate the IT industry, and serve as a stepping stone for your further development for such roles as an algorithms engineer/developer or an applied researcher in computer technologies."
CZ4022 - WIRELESS & MOBILE NETWORKS,"This course builds upon the foundation network knowledge gained from core courses on Computer Networks (CE3005/CZ3006/SC2008). It aims to introduce students to the realm of mobile networks and communications made possible through wireless technologies. It provides a straightforward and broad survey of wireless voice and data network standards and technologies available today for personal communications. It is designed for those taking an entry-level wireless and mobile technology course or seeking better knowledge of wireless communications and networks. The topics include the technologies being harnessed in Bluetooth and Bluetooth Low Energy to Wifi to cellular telephony and mobile data to 5G wireless technologies to satellite internet and satellite communications. The course content thus spans wireless personal networks (WPAN), wireless local area networks (WLAN) and wireless wide area networks (WWAN)."
CZ4023 - ADVANCED COMPUTER NETWORKS,"Building upon earlier courses (CE3005 or CZ3006), this subject aims to bring students into the realm of real inter-networking. The subject consists of two complementary components. On one hand, several application layer protocols are to be explained, along with their requirements on the underlying networks. One the other hand, practical network design and management methodologies will be introduced; they aim at meeting the application requirements. Emphasis is mostly placed on the practical use and construction of networks, with a bias toward multimedia applications. Advanced materials, such as, peer-to-peer networking will also be covered to prepare the students well for the future career in advanced computer networks."
CZ4032 - DATA ANALYTICS & MINING,
CZ4045 - NATURAL LANGUAGE PROCESSING,"This course introduces natural language processing at a basic level. 1. Basic concepts of syntax, semantics, and grammar formalisms 2. Basic techniques of language modelling, part-of-speech tagging, parsing, and semantic analysis 3. Well-known applications of natural language processing, such as machine translation and information extraction, and their evaluations"
CZ4064 - SECURITY MANAGEMENT,"This course introduces security management at an elementary level. The list of topics includes: 1. What is security and why is it necessary? 2. Wecurity management - systems, models and frameworks. 3. Internal control, audit and security. 4. Risk analysis. 5. Business continuity planning. 6. Information security, governance and the law."
CZ4153 - BLOCKCHAIN TECHNOLOGY,"Blockchain Technology has taken the world by storm with its proliferation in an astoundingly diverse array of applications. Cryptocurrencies and a plethora of business use-cases paved the way for inclusive decentralization through innovative incentives and smart contracts. In its modern incarnation, Blockchain offers the promise of immutability, consistency, attribution, authenticity and automation of record-keeping as well as computations within an inherently decentralized operating environment. This elective course in Computer Science and Engineering aims to introduce you to the core technical framework of Blockchain Technology and Cryptocurrencies, encompassing distributed systems, consensus protocols, incentive mechanisms and decentralized applications. You will also learn the major anonymity, security, privacy, scalability and interoperability issues in modern Blockchain, in addition to the relevant enterprise platforms, solutions, applications and regulatory aspects of the technology."
SC3020 - DATABASE SYSTEM PRINCIPLES,"Database management systems (DBMS) are designed to manage large and complex data sets. The fundamentals of the implementation of database management systems must be understood by all Computer Science students. This will help students to develop and design software systems utilizing databases, and equip students with the knowledge of managing data of large scale. Moreover, this should be understood by current and future business leaders so that they can offer strategic guidance based on an informed understanding of database business capabilities. This course provides the basis for achieving this goal."
SC4002 - NATURAL LANGUAGE PROCESSING,"This course introduces natural language processing at a basic level. 1. Basic concepts of syntax, semantics, and grammar formalisms 2. Basic techniques of language modelling, part-of-speech tagging, parsing, and semantic analysis 3. Well-known applications of natural language processing, such as machine translation and information extraction, and their evaluations"
EE2073 - INTRODUCTION TO EEE DESIGN & PROJECT,"This course aims to inspire your interest in learning through active participations in the laboratory-based and practice-oriented course on the solutions of typical engineering system design and implementation problems covering multi-disciplinary areas of electrical, electronic and computer engineering. Contents: Lecture on Data Acquisition System and Application, and Electronic Circuit and System Design. A laboratory modules on LabVIEW programming and prescribed Project."
EE2101 - CIRCUIT ANALYSIS,"This course focuses on the fundamental principles of circuit theorems and circuit elements, DC/AC and three-phase circuits, transient and steady-state responses, circuit analysis using Laplace transforms. In this course, you will learn various techniques ('tools') to analyze the operation of real circuits. Our major concern is the analysis of circuits, i.e. the study of the behavior of the circuit, not the creation of circuits, i.e., the engineering design of the circuit."
EE2102 - ANALOG ELECTRONICS,"This course serves as an introduction to analog electronics. The course covers the theory, design and application of a broad range of fundamental electronic device and circuit topics. The specific materials include operational amplifiers, diodes, bipolar-junction transistors (BJT), Metal Oxide Semiconductor Field Effect Transistors (MOSFET), and frequency response. Students will learn hands-on skills for designing analog circuits by solving three practical design problems required for building a working electronic stethoscope across three lab sessions. This basic course in analog electronics serves as a foundation for an electronics engineer working in discrete or integrated circuit design and is relevant for anyone pursuing a career in the electronics industry."
EE2103 - SEMICONDUCTOR FUNDAMENTALS,"This course serves as a foundation course on Semiconductors. It covers a broad range of fundamental concepts in semiconductors such as basics of semiconductors and their properties, semiconductor in equilibrium/non- equilibrium, carrier transport phenomena, and operating principles of a semiconductor diode, metal-semiconductor contacts, and MOSFET."
IE2104 - DIGITAL ELECTRONICS,"This course serves as a foundation course on digital electronics. It covers a broad range of fundamental digital circuits. The concepts of digital signals, number systems, logic gates, switching algebra and logic minimization techniques, basic combinatorial and digital circuits and their application in more complex digital systems are to be imparted to the students."
IE2106 - ENGINEERING MATHEMATICS I,"This course aims to develop your understanding of fundamental mathematical concepts in Probability, Mathematical Statistics, Numerical Methods, Laplace Transform and Partial Differential Equations. These key concepts will be important and useful to students pursuing Engineering studies in areas such as signals and systems, communications, smart grid, intelligent control systems, electronics, computer engineering etc."
IE2107 - ENGINEERING MATHEMATICS II,"Complex numbers, vectors, matrices, limits and continuity of functions, derivatives and integration and their applications, multivariable calculus, partial derivatives, ordinary differential equations, double integrals in polar coordinates, dot product, cross product, are introduced in MH1811, MH2810 or equivalent courses. This course builds on these concepts to further the fundamental mathematical knowledge and skills that are necessary in engineering and related career, as well as to equip students with life-long learning skills."
IE2108 - DATA STRUCTURES & ALGORITHMS IN PYTHON,"This course aims to give a systematic introduction to data structures and algorithms for constructing efficient computer programs based on Python. Principles of algorithmic analysis will be studied. Emphasis is on data structures and efficient algorithms in the program development process, covering abstract data types, trees, graphs, sorting, and searching. The greedy technique such as Kruskal's algorithm and Dijkstra's algorithm will be introduced. AI algorithms such as classification will also be discussed. Theories will be practiced during tutorial sessions and students will gain substantial Python programming experience."
IE2110 - SIGNALS & SYSTEMS,"Through this course, students should be able to understand the representation of continuous-time and discrete-time signals; their frequency characteristics and Fourier spectrum; representation and characteristics of linear time-invariant systems in both time and frequency domains; and the principles of sampling a continuous-time signal to yield a discrete-time one."
IE3102 - MICROPROCESSORS,"Through this course, students should be able to understand the fundamentals of ARM microprocessors. It covers the ARM architecture, software programming in assembly language as well as C language. It will also introduce students on the special ARM programming functions for THUMB, stack and interrupt programming."
EE3011 - MODELLING & CONTROL,"The aim of this course is to serve as an introduction to control system analysis and design. The course discusses pertinent issues related to control systems such as modelling; time and frequency responses of dynamical systems; performance specifications and controller/compensator design. You will develop skills and techniques for tackling practical control system analysis and design problems. This gives you important background for later courses like Process Control, Digital Control, Robotics and Automation, and Power Systems. The knowledge and skills learned in this course are used by professionals in the fields of mechanical, electrical, fluid, chemical, and biomedical engineering to describe and analyse the operation and performance of associated and/or coupled systems. Contents: Introduction; System Modelling; Time Domain Analysis; Stability Analysis; Performance Specifications; PID Controller Design; Root-Locus Analysis; Frequency Response; Bode Plot; Stability Margins; Nyquist Plot and Stability; Lead and Lag Compensation; PID Tuning."
EE3013 - SEMICONDUCTOR DEVICES & PROCESSING,"The course will provide you with the basic concepts of the engineering principles behind semiconductor processing, wafer fabrication and physical principles underlying the operation of basic semiconductor devices. The contents of the course include the fundamentals of p-n diodes, bipolar devices, MOS devices, deposition techniques, diffusion and thermal oxidation, ion implantation, lithography and etching. Contents: Fundamentals of Bipolar Devices. MOS Devices. Crystal growth and wafer preparation. Deposition Techniques. Diffusion and thermal oxidation. Ion implantation. Lithography. Etching."
EE3015 - POWER SYSTEMS & CONVERSION,"The aim of this course is to provide fundamental knowledge for B.Eng. (EEE) students who wish to specialize in power engineering in their profession. It introduces you to the overall structure of the electric power supply system, starting from power generation to power transmission, distribution and power conversion. It includes basic concepts of power systems operation and techniques of solid-state power conversions, electric drives and applications of power electronics.. Contents: Fundamentals of Power Systems. System Operation. Power Conversion. Electromechanical Power Conversion Systems. Applications of Power Electronics in power systems."
EE3018 - INTRODUCTION TO PHOTONICS,"This is an introductory course about the fundamentals of photonics and their impacts on our daily life. Photonics contributes to the fundamental platform for nanotechnology, green energy, home entertainment, data storage, sensing, imaging, biomedical healthcare, and modern optical communications. The course aims to introduce to the prospective students the basic knowledge and essence of photonic technologies, and how these technologies are applied to and influence our daily life. This course is intended for students with various engineering backgrounds (e.g. electrical, electronic, chemical, biological, mechanical, civil, aerospace, etc) to learn the impact of photonics in fields ranging from nanotechnology to communications in a fundamental level rather than a mathematical-based formulated course. A list of relevant formulae will be provided in the final examination paper."
EE3019 - INTEGRATED ELECTRONICS,"This course aims to provide basic knowledge on analog and digital electronic circuits from a circuit and monolithic (integrated circuit) implementation point of view. The course includes the design of elements in bipolar- and CMOS-based op amps, feedback, power supplies, linear and non-linear applications circuits with the op amp as the basic building block, and transistor circuits for realising basic digital circuits. It will provide Year 3 electrical and electronic undergraduates with sufficient fundamental theoretical and practical knowledge to pursue advanced topics in analog and digital integrated circuits. Contents: Feedback amplifier. Voltage reference and current sources. Operational amplifier circuits. Applications of operational amplifiers. Power supplies. CMOS logic circuits. CMOS flip-flops and memories."
EE3080 - DESIGN & INNOVATION PROJECT,"The aim of the Design and Innovative Project module is to introduce you to design, prototype and test electrical and electronic engineering projects. It provide you an opportunity to exercise your creative and innovative ideas in a group project environment and excite the imagination of aspiring engineers, innovators and technopreneurs. Contents: Project Charter. Lectures on project management. Design and prototype development. Testing and instrumentation. Project report. Oral Presentation. Demonstration. DIP Competition."
EE3101 - ENGINEERING ELECTROMAGNETICS,"This course aims to develop your understanding of the fundamental principles underlying the theory of electromagnetic fields and waves and your ability to apply this theory to the solution of engineering problems, e.g. solving fields, charges, currents and voltages in electrostatic, magnetostatic and electromagnetic problems."
EE3180 - DESIGN & INNOVATION PROJECT,"The aim of the Design and Innovative Project module is to introduce you to design, prototype and test electrical and electronic engineering projects. It provides you an opportunity to exercise your creative and innovative ideas in a group project environment and excite the imagination of aspiring engineers, innovators and technopreneurs."
IE3012 - COMMUNICATION PRINCIPLES,"Communication Principles is a foundational course for those majoring in the communication option in final year. This course introduces students to: (i) the essential approaches, fundamental concepts and design issues in communication engineering. The course emphasizes the understanding of engineering principles. Mathematics is used only at a level that is absolutely necessary; (ii) basic concepts of modulation techniques including amplitude modulation (AM), frequency modulation (FM) and phase modulation (PM) that are widely used in analogue communication systems, and basic techniques for analyzing such systems in the time and frequency domains; (iii) basic concepts of a digital communication system including sampling theorem, pulse code modulation (PCM) and principles of digital data transmission, and basic techniques for analyzing such systems in the time and frequency domains."
IE3014 - DIGITAL SIGNAL PROCESSING,"This course is designed to provide students the fundamentals of discrete-time signals, signal transforms, and digital filter design. Through this course, students are expected to achieve a basic understanding of digital signal processing. Ultimately, it is hoped that through learning this subject students will be equipped with a clear understanding of DSP as well as the necessary foundation for further study of advanced DSP topics in the future."
IE3017 - COMPUTER COMMUNICATIONS,"The course is to provide you with the fundamental concepts in computer communications, proceeding from data communications over a data link to transfer of information across local-area networks and wide-area networks."
EE4207 - CONTROL ENGINEERING DESIGN,"You will learn about the operation of a regulated dc power supply and the basics of power supply control. Also, you will learn about the key components needed to implement a microcontroller-based control system and carrying out open-loop and closed-loop tests. You will be able to apply the learnt knowledge and skills acquired in the course to future similar projects."
EE4268 - ROBOTICS & AUTOMATION,"This course introduces fundamental concepts in robotics. The objective of the course is to provide you with an introductory understanding and appreciation of robotics. You will be exposed to a broad range of topics in robotics with emphasis on basics of manipulators, coordinate transformation and kinematics, trajectory planning, control techniques, sensors and devices, robot applications and economics analysis. Contents: Introduction to Robotics. Coordinate Transformation and Kinematics. Trajectory Planning. Control Techniques. Sensors and Devices. Robot Applications."
EE4303 - MIXED-SIGNAL IC DESIGN,"This design course is based on the use of standard fabrication technologies (e.g., CMOS and BiCMOS) to realize analog and digital functions on integrated circuits. Students learn practical circuit design techniques as well as device characteristics and the theory of circuit synthesis and analysis. A mixed-signal circuit design project of medium complexity is included to enhance student's learning."
EE4341 - ADVANCED ANALOG CIRCUITS,The course aims to provide Year 4 electrical and electronic undergraduates with a strong foundation in design methodologies of transistor-based analog circuits. The fundamental theoretical and design knowledge will allow them to design any advanced analog circuits based on the basic circuit blocks covered in the course. Contents: Low noise circuits. Wide-bandwidth amplifiers. Power amplifiers. Active filters. DC-DC converters.
EE4503 - POWER ENGINEERING DESIGN,"In this design course, the students will apply the concepts of various power system analysis techniques and system performance criteria in designing a medium/low voltage transmission system and protection schemes for some typical industrial distribution networks. Students are required to carry out the detailed design with hands-on exercise and extensive use of computer simulation software. Students are also required to verify the results of the final design to meet specifications."
EE4530 - POWER SYSTEM ANALYSIS & CONTROL,Power Flows. Active Power and Frequency control. Reactive Power and Voltage Control. Power System Stability.
EE4532 - POWER ELECTRONICS & DRIVES,"The objective of this course is to familiarize you with the utilization aspects of power engineering, more specifically the techniques of solid-state power conversions and their applications. To meet industry requirement for power electronic engineers, adequate practical knowledge on power semiconductors, converter topologies, control techniques and typical applications in motor drives and other applications are emphasized. Contents: Introduction to Power Electronic Systems and Devices. Uncontrolled and Controlled Rectifiers. Quality of converted AC/DC Current/Voltage waveforms. Hard Switching Power Converters. Principles and Control of Motor drives."
EE4613 - CMOS PROCESS & DEVICE SIMULATION,To reinforce and apply theories learned in semiconductor processing and device physics through practical design examples using industry?standard process and device simulation tools. To better understand the modern technology development and transistor design and optimization through process variation. Virtual Wafer Fabrication. Virtual Device Simulation. Virtual Process Integration.
EE4903 - PHYSIOLOGICAL SYSTEMS ANALYSIS,This course aims to introduce engineering students to the analysis and modeling of physiological systems using concepts from linear systems and control theory. It allows you to integrate and apply engineering analytical techniques to physiological systems.
EE6108 - COMPUTER NETWORKS,Network protocols and services. Transport protocols and services. Local area networks. Wide area networks and internetworking. Broadband and Asynchronous Transfer Mode (ATM) networks.
EE6427 - VIDEO SIGNAL PROCESSING,Image and Video Basics. Image and Video Transform Coding. Filtering and Error Resilience for Image and Video. Image and Video Coding Principles and Standards. Recent and Emerging Topics in Image and Video Processing.
IE4110 - OPTICAL COMMUNICATION SYSTEM DESIGN,"This course is intended to introduce to you an overview of optical fibre communication devices and systems, as well as hands-on experience of using professional tools for the design of optical fibre communications systems."
IE4154 - DIGITAL & TELECOMMUNICATIONS SYSTEMS,"This course aims to provide students with fundamental knowledge of digital communication theory, information theory, signal detection, signal transmission through various channels, and teletraffic theory. Students will learn functional blocks of digital and telecommunications systems, sampling theory, line coding, channel capacity, matched filter, transmission lines and optical fibers, microwave and satellite communication systems, network planning and switching systems."
IE4483 - ARTIFICIAL INTELLIGENCE & DATA MINING,"This course aims at introducing you to the fundamental theory and concepts of Artificial intelligence (AI) and Data Mining methods, in particular state space representation and search strategies, association rule mining, supervised learning, classifiers, neural networks, unsupervised learning, clustering analysis, and their applications in the area of AI and Data Mining. This can be summarized as: (a) To understand the concepts of knowledge representation for state space search, strategies for the search. (b) To understand the basics of a data mining paradigm known as Association Rule Mining and its application to knowledge discovery problems. (c) To understand the fundamental theory and concepts of supervised learning, unsupervised learning, neural networks, several learning paradigms and its applications. Contents: Structures and Strategies for State Space Representation & Search. Heuristic Search. Data Mining Concepts and Algorithms. Classification and Prediction methods. Unsupervised Learning and Clustering Analysis."
IE4717 - WEB APPLICATION DESIGN,"This course aims to provide you with a clear understanding of the architecture of web applications, as well as skills and knowledge to design and construct an interactive web application or portal."
IE4758 - INFORMATION SECURITY,"In today's cyber world, it is important for engineers to understand and appreciate information security, as it has become an essential aspect of our day life. This course intends to provide you with essential concepts of information security, cryptography, e-security protocols, digital money, Intrusion detection, biometric based e-security technologies, Cyber-Warfare and Cyber terrorism. You will learn to design e-security based policies and implementation procedures in order to describe, design and devise online security for individual and corporate networks."
